<?xml version="1.0" encoding="UTF-8" standalone="yes"?>
<contentHaul xmlns:a="http://www.appian.com/ae/types/2009">
    <versionUuid>_a-0000eb1a-3b29-8000-9c1f-011c48011c48_3126789</versionUuid>
    <interface>
        <name>LR_logReaderTomcatHa</name>
        <uuid>_a-0000eb1a-3b29-8000-9c1f-011c48011c48_3126727</uuid>
        <description>Reads Tomcat logs for HA environments</description>
        <parentUuid>b0bd8a1a-7a85-4870-bb6a-ceda968f644f</parentUuid>
        <visibility>
            <advertise>false</advertise>
            <hierarchy>true</hierarchy>
            <indexable>true</indexable>
            <quota>false</quota>
            <searchable>true</searchable>
            <system>false</system>
            <unlogged>false</unlogged>
        </visibility>
        <definition>a!localVariables(
  local!logs: #"_a-0000eb1a-3b29-8000-9c1f-011c48011c48_3113205"(isCSV: false),
  local!logFile,
  local!searchTerm,
  local!searchResults,
  local!currentSearch,
  local!rowsEntered,
  local!numberOfRows,
  local!server,
  local!documentDownload: a!refreshVariable(
    value: index(
      index(
        #"_a-0000eb1a-3b29-8000-9c1f-011c48011c48_3112634"(
          pathId: index(
            local!logFile,
            #"urn:appian:record-field:v1:5a00925b-cd91-45fe-a215-406e0b012bd1/b849f1c0-bd16-42e5-b88d-366ff004f47c",
            {}
          ),
          startDate: today()
        ).data,
        #"urn:appian:record-field:v1:1776d112-c041-49a2-94bd-0b61fb2465da/880dcc6b-03e8-4c19-80ed-0a56306caf46",
        {}
      ),
      1,
      {}
    ),
    refreshOnVarChange: local!searchResults
  ),
  {
    #"SYSTEM_SYSRULES_columnsLayout"(
      columns: {
        #"SYSTEM_SYSRULES_columnLayout"(
          contents: {
            #"SYSTEM_SYSRULES_dropdownField_v1"(
              choiceLabels: {
                index(
                  local!logs,
                  #"urn:appian:record-field:v1:5a00925b-cd91-45fe-a215-406e0b012bd1/cb4d68d0-3f9e-425c-861f-44d2b1549e82",
                  {}
                )
              },
              choiceValues: { local!logs },
              label: "Log File",
              labelPosition: "ABOVE",
              placeholder: "--- Select a log ---",
              value: local!logFile,
              saveInto: { local!logFile },
              searchDisplay: "AUTO",
              validations: {}
            )
          }
        ),
        #"SYSTEM_SYSRULES_columnLayout"(
          contents: {
            #"SYSTEM_SYSRULES_dropdownField_v1"(
              choiceLabels: {
               #"_a-0000eb1a-3b29-8000-9c1f-011c48011c48_3122075"
              },
              choiceValues: { #"_a-0000eb1a-3b29-8000-9c1f-011c48011c48_3122075" },
              label: "Server",
              labelPosition: "ABOVE",
              placeholder: "--- Select a server ---",
              value: local!server,
              saveInto: { local!server },
              searchDisplay: "AUTO",
              validations: {}
            )
          }
        ),
        #"SYSTEM_SYSRULES_columnLayout"(
          contents: {
            #"SYSTEM_SYSRULES_textField"(
              label: "Rows",
              labelPosition: "ABOVE",
              helpTooltip: #"_a-0000eb1a-3b29-8000-9c1f-011c48011c48_3117581",
              placeholder: "1 - 50,000",
              value: local!numberOfRows,
              saveInto: {
                local!rowsEntered,
                a!save(local!numberOfRows, null),
                if(
                  and(
                    1 &lt;= tointeger(local!rowsEntered),
                    tointeger(local!rowsEntered) &lt;= 50000
                  ),
                  a!save(local!numberOfRows, local!rowsEntered),
                  {}
                )
              },
              refreshAfter: "UNFOCUS",
              validations: {}
            )
          },
          width: "NARROW"
        ),
        #"SYSTEM_SYSRULES_columnLayout"(
          contents: {
            #"SYSTEM_SYSRULES_ButtonArrayLayout"(
              buttons: {
                #"SYSTEM_SYSRULES_ButtonWidget"(
                  label: "View",
                  icon: "eye",
                  disabled: a!isNullOrEmpty(local!logFile),
                  saveInto: {
                    a!save(
                      local!currentSearch,
                      a!map(
                        logPath: concat(
                          local!server, "/", index(
                          local!logFile,
                          #"urn:appian:record-field:v1:5a00925b-cd91-45fe-a215-406e0b012bd1/cb4d68d0-3f9e-425c-861f-44d2b1549e82",
                          {}
                        )),
                        searchTerm: local!searchTerm
                      )
                    ),
                    a!save(
                      local!searchResults,
                      index(
                        #"_a-0000eb1a-3b29-8000-9c1f-011c48011c48_3112621"(
                          logPath: local!currentSearch.logPath,
                          searchTerm: local!currentSearch.searchTerm,
                          numberOfRows: local!numberOfRows
                        ),
                        "rows",
                        {}
                      )
                    ),
                    #"SYSTEM_SYSRULES_startProcess"(
                      processModel: #"_a-0000eb1a-3b29-8000-9c1f-011c48011c48_3117575",
                      processParameters: {
                        documentName: substitute(
                          local!currentSearch.logPath &amp; "." &amp; text(today(), "yyyy-mm-dd"),
                          "/",
                          "_"
                        ),
                        logData: joinarray(
                          #"SYSTEM_SYSRULES_forEach"(
                            items: local!searchResults,
                            expression: right(fv!item, len(fv!item) - find(":", fv!item))
                          ),
                          char(10)
                        ),
                        logDoc: #"urn:appian:record-type:v1:1776d112-c041-49a2-94bd-0b61fb2465da"(
                          #"urn:appian:record-field:v1:1776d112-c041-49a2-94bd-0b61fb2465da/a4b6fc73-f4c4-4b51-a82c-11ac65a4a6b2": loggedInUser(),
                          #"urn:appian:record-field:v1:1776d112-c041-49a2-94bd-0b61fb2465da/05d06280-4b3b-43d5-8870-1b3b5a308150": now(),
                          #"urn:appian:record-field:v1:1776d112-c041-49a2-94bd-0b61fb2465da/333b31b5-e127-42b6-9813-9fa6424911e7": today(),
                          #"urn:appian:record-field:v1:1776d112-c041-49a2-94bd-0b61fb2465da/99154b72-20b9-470b-9dc6-7c88b71b7082": index(
                            local!logFile,
                            #"urn:appian:record-field:v1:5a00925b-cd91-45fe-a215-406e0b012bd1/b849f1c0-bd16-42e5-b88d-366ff004f47c",
                            {}
                          )
                        ),
                        
                      }
                    )
                  },
                  size: "SMALL",
                  style: "PRIMARY",
                  
                )
              },
              align: "START",
              marginBelow: "NONE"
            )
          },
          width: "EXTRA_NARROW"
        ),
        #"SYSTEM_SYSRULES_columnLayout"(
          contents: {
            #"SYSTEM_SYSRULES_richTextDisplayField"(
              showWhen: a!isNotNullOrEmpty(local!searchResults),
              labelPosition: "COLLAPSED",
              value: {
                #"SYSTEM_SYSRULES_richTextIcon"(
                  icon: "download",
                  caption: "Download Log",
                  link: #"SYSTEM_SYSRULES_documentDownloadLink"(document: local!documentDownload),
                  size: "MEDIUM_PLUS"
                )
              },
              align: "LEFT"
            )
          }
        )
      },
      alignVertical: "BOTTOM"
    ),
    #"SYSTEM_SYSRULES_sectionLayout_v1"(
      showWhen: a!isNotNullOrEmpty(local!searchResults),
      label: "",
      contents: { #"_a-0000eb1a-3b29-8000-9c1f-011c48011c48_3117635"() }
    ),
    #"SYSTEM_SYSRULES_paragraphField"(
      label: "",
      labelPosition: "ABOVE",
      value: a!localVariables(
        local!data: #"SYSTEM_SYSRULES_forEach"(
          items: local!searchResults,
          expression: a!localVariables(
            local!splitRow: right(fv!item, len(fv!item) - find(":", fv!item)),
            {
              a!map(index: fv!index, row: local!splitRow)
            }
          )
        ),
        joinarray(index(local!data, "row", {}), char(10))
      ),
      saveInto: {},
      refreshAfter: "UNFOCUS",
      height: "MEDIUM",
      readOnly: true,
      validations: {}
    )
  }
)</definition>
        <preferredEditor>interface</preferredEditor>
        <offlineEnabled>false</offlineEnabled>
        <isCustom>false</isCustom>
    </interface>
    <roleMap public="true">
        <role inherit="true" allowForAll="false" name="readers">
            <users/>
            <groups/>
        </role>
        <role inherit="true" allowForAll="false" name="authors">
            <users/>
            <groups/>
        </role>
        <role inherit="true" allowForAll="false" name="administrators">
            <users/>
            <groups/>
        </role>
        <role inherit="false" allowForAll="false" name="denyReaders">
            <users/>
            <groups/>
        </role>
        <role inherit="false" allowForAll="false" name="denyAuthors">
            <users/>
            <groups/>
        </role>
        <role inherit="false" allowForAll="false" name="denyAdministrators">
            <users/>
            <groups/>
        </role>
    </roleMap>
    <history>
        <historyInfo versionUuid="_a-0000eb1a-3b29-8000-9c1f-011c48011c48_3126789"/>
    </history>
</contentHaul>
