<?xml version="1.0" encoding="UTF-8" standalone="yes"?>
<contentHaul xmlns:a="http://www.appian.com/ae/types/2009">
    <versionUuid>_a-0000eb1a-3b29-8000-9c1f-011c48011c48_3118339</versionUuid>
    <interface>
        <name>LR_downloadZip</name>
        <uuid>_a-0000eb1a-3b29-8000-9c1f-011c48011c48_3118328</uuid>
        <description>Provides a button to download the created zip file</description>
        <parentUuid>b0bd8a1a-7a85-4870-bb6a-ceda968f644f</parentUuid>
        <visibility>
            <advertise>false</advertise>
            <hierarchy>true</hierarchy>
            <indexable>true</indexable>
            <quota>false</quota>
            <searchable>true</searchable>
            <system>false</system>
            <unlogged>false</unlogged>
        </visibility>
        <definition>{

  #"SYSTEM_SYSRULES_richTextDisplayField"(
    value: #"SYSTEM_SYSRULES_richTextItem_v1"(

      text: "Download Zip",

      link:  #"SYSTEM_SYSRULES_documentDownloadLink"(
        label: "Download Zip",
        document: todocument(ri!zipFileId)
      ),
      size: "MEDIUM_PLUS",
      style: "STRONG"
    ),
    align: "CENTER"

  ),
  #"SYSTEM_SYSRULES_ButtonArrayLayout"(
    buttons: {
      #"SYSTEM_SYSRULES_ButtonWidget"(
        label: "Close",
        style: "NORMAL",
        submit: true,
        iconPosition: "END"
      )
    },
    align: "END"
  )
}</definition>
        <namedTypedValue>
            <name>zipFileId</name>
            <type>
                <name>int</name>
                <namespace>http://www.w3.org/2001/XMLSchema</namespace>
            </type>
        </namedTypedValue>
        <preferredEditor>interface</preferredEditor>
        <offlineEnabled>false</offlineEnabled>
        <isCustom>false</isCustom>
    </interface>
    <roleMap public="true">
        <role inherit="true" allowForAll="false" name="readers">
            <users/>
            <groups/>
        </role>
        <role inherit="true" allowForAll="false" name="authors">
            <users/>
            <groups/>
        </role>
        <role inherit="true" allowForAll="false" name="administrators">
            <users/>
            <groups/>
        </role>
        <role inherit="false" allowForAll="false" name="denyReaders">
            <users/>
            <groups/>
        </role>
        <role inherit="false" allowForAll="false" name="denyAuthors">
            <users/>
            <groups/>
        </role>
        <role inherit="false" allowForAll="false" name="denyAdministrators">
            <users/>
            <groups/>
        </role>
    </roleMap>
    <history>
        <historyInfo versionUuid="_a-0000eb1a-3b29-8000-9c1f-011c48011c48_3118339"/>
    </history>
</contentHaul>
