<?xml version="1.0" encoding="UTF-8" standalone="yes"?>
<contentHaul xmlns:a="http://www.appian.com/ae/types/2009">
    <versionUuid>_a-0000eb1a-3b29-8000-9c1f-011c48011c48_3121792</versionUuid>
    <rule>
        <name>LR_readCsvDateRange</name>
        <uuid>_a-0000eb1a-3b29-8000-9c1f-011c48011c48_3111908</uuid>
        <description>Returns a map containing csv logs for a range of dates</description>
        <parentUuid>b0bd8a1a-7a85-4870-bb6a-ceda968f644f</parentUuid>
        <visibility>
            <advertise>false</advertise>
            <hierarchy>true</hierarchy>
            <indexable>true</indexable>
            <quota>false</quota>
            <searchable>true</searchable>
            <system>false</system>
            <unlogged>false</unlogged>
        </visibility>
        <definition>a!localVariables(
  local!logs: #"SYSTEM_SYSRULES_forEach"(
    items: enumerate(tointeger(ri!endDate - ri!startDate) + 1),
    expression: #"_a-0000eb1a-3b29-8000-9c1f-011c48011c48_3111852"(
      isDailyLog: index(
        ri!logFile,
        #"urn:appian:record-field:v1:5a00925b-cd91-45fe-a215-406e0b012bd1/6df73e8d-ae5a-4d01-bb8a-4fb54ea45a63",
        {}
      ),
      isDateTime: index(
        ri!logFile,
        #"urn:appian:record-field:v1:5a00925b-cd91-45fe-a215-406e0b012bd1/562f40ea-995b-4b91-8b3c-2d4fefd1cbe6",
        {}
      ),
      logFile: index(
        ri!logFile,
        #"urn:appian:record-field:v1:5a00925b-cd91-45fe-a215-406e0b012bd1/cb4d68d0-3f9e-425c-861f-44d2b1549e82",
        {}
      ),
      date: ri!startDate + fv!item,
      isPreview: ri!isPreview
    )
  ),
  a!map(
    rows: reject(
      fn!isnull,
      a!flatten(
        #"SYSTEM_SYSRULES_forEach"(
          items: local!logs,
          expression: fv!item.rows
        )
      )
    ),
    headers: cast(
      #"urn:appian:function:v1:a:listtype?okey=a!listType"(typeof("Text")),
      if(
        ri!logFile[#"urn:appian:record-field:v1:5a00925b-cd91-45fe-a215-406e0b012bd1/cb4d68d0-3f9e-425c-861f-44d2b1549e82"] = "login-audit.csv",
        #"_a-0000eb1a-3b29-8000-9c1f-011c48011c48_3121644",
        #"SYSTEM_SYSRULES_forEach"(
          items: local!logs,
          expression: if(
            a!isNotNullOrEmpty(fv!item.headers),
            { a!map(headers: fv!item.headers) },
            {}
          )
        )[1]["headers"]
      )
    ),
    totalCount: sum(
      reject(
        fn!isnull,
        a!flatten(
          #"SYSTEM_SYSRULES_forEach"(
            items: local!logs,
            expression: fv!item.totalCount
          )
        )
      )
    )
  )
)</definition>
        <namedTypedValue>
            <name>logFile</name>
            <type>
                <name>5a00925b-cd91-45fe-a215-406e0b012bd1</name>
                <namespace>urn:com:appian:recordtype:datatype</namespace>
            </type>
        </namedTypedValue>
        <namedTypedValue>
            <name>startDate</name>
            <type>
                <name>date</name>
                <namespace>http://www.w3.org/2001/XMLSchema</namespace>
            </type>
        </namedTypedValue>
        <namedTypedValue>
            <name>endDate</name>
            <type>
                <name>date</name>
                <namespace>http://www.w3.org/2001/XMLSchema</namespace>
            </type>
        </namedTypedValue>
        <namedTypedValue>
            <name>isPreview</name>
            <type>
                <name>boolean</name>
                <namespace>http://www.w3.org/2001/XMLSchema</namespace>
            </type>
        </namedTypedValue>
        <preferredEditor>legacy</preferredEditor>
        <offlineEnabled>false</offlineEnabled>
    </rule>
    <roleMap public="true">
        <role inherit="true" allowForAll="false" name="readers">
            <users/>
            <groups/>
        </role>
        <role inherit="true" allowForAll="false" name="authors">
            <users/>
            <groups/>
        </role>
        <role inherit="true" allowForAll="false" name="administrators">
            <users/>
            <groups/>
        </role>
        <role inherit="false" allowForAll="false" name="denyReaders">
            <users/>
            <groups/>
        </role>
        <role inherit="false" allowForAll="false" name="denyAuthors">
            <users/>
            <groups/>
        </role>
        <role inherit="false" allowForAll="false" name="denyAdministrators">
            <users/>
            <groups/>
        </role>
    </roleMap>
    <typedValue>
        <type>
            <name>RuleTestConfig?list</name>
            <namespace>http://www.appian.com/ae/types/2009</namespace>
        </type>
        <value>
            <el>
                <a:name>logout-audit</a:name>
                <a:ruleInputTestConfigs>
                    <a:value xmlns:xsi="http://www.w3.org/2001/XMLSchema-instance" xsi:type="a:Expression">#"SYSTEM_SYSRULES_queryRecordByIdentifier"(
  recordType: #"urn:appian:record-type:v1:5a00925b-cd91-45fe-a215-406e0b012bd1",
  identifier: 3
)</a:value>
                    <a:nameRef>logFile</a:nameRef>
                    <a:id>1</a:id>
                </a:ruleInputTestConfigs>
                <a:ruleInputTestConfigs>
                    <a:value xmlns:xsi="http://www.w3.org/2001/XMLSchema-instance" xsi:type="a:Expression">today()-30</a:value>
                    <a:nameRef>startDate</a:nameRef>
                    <a:id>2</a:id>
                </a:ruleInputTestConfigs>
                <a:ruleInputTestConfigs>
                    <a:value xmlns:xsi="http://www.w3.org/2001/XMLSchema-instance" xsi:type="a:Expression">today()-1</a:value>
                    <a:nameRef>endDate</a:nameRef>
                    <a:id>3</a:id>
                </a:ruleInputTestConfigs>
                <a:ruleInputTestConfigs>
                    <a:value xmlns:xsd="http://www.w3.org/2001/XMLSchema" xmlns:xsi="http://www.w3.org/2001/XMLSchema-instance" xsi:type="xsd:boolean">false</a:value>
                    <a:nameRef>isPreview</a:nameRef>
                    <a:id>4</a:id>
                </a:ruleInputTestConfigs>
                <a:assertions xmlns:xsi="http://www.w3.org/2001/XMLSchema-instance" xsi:nil="true"/>
            </el>
        </value>
    </typedValue>
    <history>
        <historyInfo versionUuid="_a-0000eb1a-3b29-8000-9c1f-011c48011c48_3121792"/>
    </history>
</contentHaul>
