<?xml version="1.0" encoding="UTF-8" standalone="yes"?>
<contentHaul xmlns:a="http://www.appian.com/ae/types/2009">
    <versionUuid>_a-0000eb1a-3b29-8000-9c1f-011c48011c48_3118327</versionUuid>
    <interface>
        <name>LR_securitySettings</name>
        <uuid>_a-0000eb1a-3b29-8000-9c1f-011c48011c48_3118308</uuid>
        <description>Allows user to configure security settings on logs</description>
        <parentUuid>b0bd8a1a-7a85-4870-bb6a-ceda968f644f</parentUuid>
        <visibility>
            <advertise>false</advertise>
            <hierarchy>true</hierarchy>
            <indexable>true</indexable>
            <quota>false</quota>
            <searchable>true</searchable>
            <system>false</system>
            <unlogged>false</unlogged>
        </visibility>
        <definition>a!localVariables(
  local!logRef: #"_a-0000eb1a-3b29-8000-9c1f-011c48011c48_3113086"(),
  local!logRefStatic: a!refreshVariable(
    value: local!logRef,
    refreshOnReferencedVarChange: false
  ),
  local!newRows,
  local!selectedGroups,
  local!editing: false,
  local!rowsEdited: {},
  {
    #"SYSTEM_SYSRULES_ButtonArrayLayout"(
      buttons: {
        if(
          local!editing,
          #"SYSTEM_SYSRULES_ButtonWidget"(
            label: "Save",
            saveInto: {
              a!save(local!editing, false),
              if(
                a!isNotNullOrEmpty(local!rowsEdited),
                #"SYSTEM_SYSRULES_writeRecords_v1"(
                  records: a!flatten(
                    {
                      /*         Delete previous mappings for edited rows              */
                      #"SYSTEM_SYSRULES_forEach"(
                        items: index(
                          index(local!logRefStatic, local!rowsEdited, {}),
                          #"urn:appian:record-relationship:v1:5a00925b-cd91-45fe-a215-406e0b012bd1/180888ba-8ae7-4d1f-8a80-4eef76b44992",
                          {}
                        ),
                        expression: if(
                          a!isNotNullOrEmpty(fv!item),
                          #"urn:appian:function:v1:a:update"(
                            data: fv!item,
                            index: #"urn:appian:record-field:v1:7d95f565-bce2-43c2-aae9-cbe5349ab96a/ffdc6c85-5d87-45ba-b60b-ed450f0577bc",
                            value: false
                          ),
                          {}
                        )
                      ),
                      /*        Add new mappings for edited rows              */
                      index(
                        index(local!logRef, local!rowsEdited, {}),
                        #"urn:appian:record-relationship:v1:5a00925b-cd91-45fe-a215-406e0b012bd1/180888ba-8ae7-4d1f-8a80-4eef76b44992",
                        {}
                      )
                    }
                  )
                ),
                {}
              )
            },
            size: "SMALL",
            style: "PRIMARY"
          ),
          #"SYSTEM_SYSRULES_ButtonWidget"(
            label: "Edit",
            icon: "pencil-square-o",
            saveInto: a!save(local!editing, true),
            size: "SMALL",
            style: "SECONDARY"
          )
        )
      },
      align: "END",
      marginBelow: "NONE"
    ),
    #"SYSTEM_SYSRULES_gridLayout"(
      label: "",
      labelPosition: "ABOVE",
      headerCells: {
        #"SYSTEM_SYSRULES_gridLayoutHeaderCell"(label: "Log"),
        #"SYSTEM_SYSRULES_gridLayoutHeaderCell"(
          label: "Viewer Groups",
          helpTooltip: #"_a-0000eb1a-3b29-8000-9c1f-011c48011c48_3117593"
        )
      },
      columnConfigs: {},
      rows: {
        #"SYSTEM_SYSRULES_forEach"(
          items: local!logRef,
          expression: #"SYSTEM_SYSRULES_gridRowLayout"(
            contents: {
              #"SYSTEM_SYSRULES_textField"(
                label: "Log path",
                value: index(
                  fv!item,
                  #"urn:appian:record-field:v1:5a00925b-cd91-45fe-a215-406e0b012bd1/cb4d68d0-3f9e-425c-861f-44d2b1549e82",
                  {}
                ),
                readOnly: true
              ),
              #"SYSTEM_SYSRULES_pickerFieldGroups"(
                label: "Viewer groups",
                maxSelections: 10,
                value: index(
                  index(
                    fv!item,
                    #"urn:appian:record-relationship:v1:5a00925b-cd91-45fe-a215-406e0b012bd1/180888ba-8ae7-4d1f-8a80-4eef76b44992",
                    {}
                  ),
                  #"urn:appian:record-field:v1:7d95f565-bce2-43c2-aae9-cbe5349ab96a/f827667e-1a74-4b9e-9477-4268a8becced",
                  {}
                ),
                saveInto: {
                  a!localVariables(
                    local!logVisibilityMapTemplate: #"urn:appian:record-type:v1:7d95f565-bce2-43c2-aae9-cbe5349ab96a"(
                      #"urn:appian:record-field:v1:7d95f565-bce2-43c2-aae9-cbe5349ab96a/ffdc6c85-5d87-45ba-b60b-ed450f0577bc": true,
                      #"urn:appian:record-field:v1:7d95f565-bce2-43c2-aae9-cbe5349ab96a/5aa469ff-be0b-422a-90be-29e1a697a312": index(
                        fv!item,
                        #"urn:appian:record-field:v1:5a00925b-cd91-45fe-a215-406e0b012bd1/b849f1c0-bd16-42e5-b88d-366ff004f47c",
                        {}
                      ),
                      #"urn:appian:record-field:v1:7d95f565-bce2-43c2-aae9-cbe5349ab96a/317200a7-a403-4f85-9d36-c3ed63044ce6": loggedInUser(),
                      #"urn:appian:record-field:v1:7d95f565-bce2-43c2-aae9-cbe5349ab96a/6f15329b-17a4-4636-9466-275fa368380b": now()
                    ),
                    {
                      local!selectedGroups,
                      a!save(
                        local!rowsEdited,
                        union(
                          append(local!rowsEdited, fv!index),
                          append(local!rowsEdited, fv!index)
                        )
                      ),
                      /*            Create new visbility mappings          */
                      a!save(
                        local!newRows,
                        #"SYSTEM_SYSRULES_forEach"(
                          items: local!selectedGroups,
                          expression: #"urn:appian:function:v1:a:update"(
                            data: local!logVisibilityMapTemplate,
                            index: #"urn:appian:record-field:v1:7d95f565-bce2-43c2-aae9-cbe5349ab96a/f827667e-1a74-4b9e-9477-4268a8becced",
                            value: fv!item
                          )
                        )
                      ),
                      /*            Attach new visibility mappings to record relationship          */
                      a!save(
                        local!logRef,
                        #"urn:appian:function:v1:a:update"(
                          data: local!logRef,
                          index: fv!index,
                          value: #"urn:appian:function:v1:a:update"(
                            data: fv!item,
                            index: #"urn:appian:record-relationship:v1:5a00925b-cd91-45fe-a215-406e0b012bd1/180888ba-8ae7-4d1f-8a80-4eef76b44992",
                            value: local!newRows
                          )
                        )
                      )
                    }
                  )
                },
                disabled: not(local!editing)
              )
            }
          )
        )
      },
      selectionSaveInto: {},
      validations: {},
      shadeAlternateRows: true
    )
  }
)</definition>
        <preferredEditor>interface</preferredEditor>
        <offlineEnabled>false</offlineEnabled>
        <isCustom>false</isCustom>
    </interface>
    <roleMap public="true">
        <role inherit="true" allowForAll="false" name="readers">
            <users/>
            <groups/>
        </role>
        <role inherit="true" allowForAll="false" name="authors">
            <users/>
            <groups/>
        </role>
        <role inherit="true" allowForAll="false" name="administrators">
            <users/>
            <groups/>
        </role>
        <role inherit="false" allowForAll="false" name="denyReaders">
            <users/>
            <groups/>
        </role>
        <role inherit="false" allowForAll="false" name="denyAuthors">
            <users/>
            <groups/>
        </role>
        <role inherit="false" allowForAll="false" name="denyAdministrators">
            <users/>
            <groups/>
        </role>
    </roleMap>
    <history>
        <historyInfo versionUuid="_a-0000eb1a-3b29-8000-9c1f-011c48011c48_3118327"/>
    </history>
</contentHaul>
