<?xml version="1.0" encoding="UTF-8" standalone="yes"?>
<contentHaul xmlns:a="http://www.appian.com/ae/types/2009">
    <versionUuid>_a-0000eb1a-3b29-8000-9c1f-011c48011c48_3126073</versionUuid>
    <interface>
        <name>LR_downloadCsvStartForm</name>
        <uuid>_a-0000eb1a-3b29-8000-9c1f-011c48011c48_3126062</uuid>
        <description>Start form for read and download csv logs</description>
        <parentUuid>b0bd8a1a-7a85-4870-bb6a-ceda968f644f</parentUuid>
        <visibility>
            <advertise>false</advertise>
            <hierarchy>true</hierarchy>
            <indexable>true</indexable>
            <quota>false</quota>
            <searchable>true</searchable>
            <system>false</system>
            <unlogged>false</unlogged>
        </visibility>
        <definition>if(
  #"_a-0000eb1a-3b29-8000-9c1f-011c48011c48_3122065",
  #"_a-0000eb1a-3b29-8000-9c1f-011c48011c48_3124652"(docs: ri!docs),
  #"_a-0000eb1a-3b29-8000-9c1f-011c48011c48_3117664"(docs: ri!docs)
)</definition>
        <namedTypedValue>
            <name>docs</name>
            <type>
                <name>CollaborationDocument?list</name>
                <namespace>http://www.appian.com/ae/types/2009</namespace>
            </type>
        </namedTypedValue>
        <preferredEditor>interface</preferredEditor>
        <offlineEnabled>false</offlineEnabled>
        <isCustom>false</isCustom>
    </interface>
    <roleMap public="true">
        <role inherit="true" allowForAll="false" name="readers">
            <users/>
            <groups/>
        </role>
        <role inherit="true" allowForAll="false" name="authors">
            <users/>
            <groups/>
        </role>
        <role inherit="true" allowForAll="false" name="administrators">
            <users/>
            <groups/>
        </role>
        <role inherit="false" allowForAll="false" name="denyReaders">
            <users/>
            <groups/>
        </role>
        <role inherit="false" allowForAll="false" name="denyAuthors">
            <users/>
            <groups/>
        </role>
        <role inherit="false" allowForAll="false" name="denyAdministrators">
            <users/>
            <groups/>
        </role>
    </roleMap>
    <history>
        <historyInfo versionUuid="_a-0000eb1a-3b29-8000-9c1f-011c48011c48_3126073"/>
    </history>
</contentHaul>
