<?xml version="1.0" encoding="UTF-8" standalone="yes"?>
<contentHaul xmlns:a="http://www.appian.com/ae/types/2009">
    <versionUuid>_a-0000eb1a-3b29-8000-9c1f-011c48011c48_3118307</versionUuid>
    <interface>
        <name>LR_instructions</name>
        <uuid>_a-0000eb1a-3b29-8000-9c1f-011c48011c48_3118296</uuid>
        <description>Displays instructions for using the application.</description>
        <parentUuid>b0bd8a1a-7a85-4870-bb6a-ceda968f644f</parentUuid>
        <visibility>
            <advertise>false</advertise>
            <hierarchy>true</hierarchy>
            <indexable>true</indexable>
            <quota>false</quota>
            <searchable>true</searchable>
            <system>false</system>
            <unlogged>false</unlogged>
        </visibility>
        <definition>{
  #"SYSTEM_SYSRULES_sectionLayout_v1"(
    marginBelow: "MORE",
    label: "Appian Logs",
    labelColor: "STANDARD",
    contents: {
      #"SYSTEM_SYSRULES_paragraphField"(
        label: "Instructions",
        readOnly: true,
        labelPosition: "COLLAPSED",
        value: {
          "From this tab, end users can select csv log files and add to a queue. Users can preview these logs documents in Appian by clicking the “eye” icon, or download logs as csv individually by clicking the “download” icon. They can also download all logs in the queue as a zip by clicking “Prepare Zip” underneath the list of files. The application supports the following csv logs:

login-audit.csv
logout-audit.csv
authz-audit.csv
audit/records_usage.csv
data-metrics/actions.csv
data-metrics/data-server.csv
data-metrics/system.csv
audit/task_errors.csv

Additional logs can be configured by adding rows to the LR_LOG_REFERENCE table.
"
        },
        saveInto: {},
        refreshAfter: "UNFOCUS",
        height: "MEDIUM",
        validations: {}
      )
    }
  ),
  #"SYSTEM_SYSRULES_sectionLayout_v1"(
    marginBelow: "MORE",
    label: "Tomcat Log",
    labelColor: "STANDARD",
    contents: {
      #"SYSTEM_SYSRULES_paragraphField"(
        label: "Instructions",
        labelPosition: "COLLAPSED",
        readOnly: true,
        value: {
          "From this tab, end users can read the Tomcat standard out log, returning up to 50,000 of the most recent rows. While viewing a log, a user can download the log by selecting the “Download” icon. The application supports tomCat-stdOut.log by default. Additional logs can be configured by adding rows to the LR_LOG_REFERENCE table."
        },
        saveInto: {},
        refreshAfter: "UNFOCUS",
        height: "MEDIUM",
        validations: {}
      )
    }
  ),
  #"SYSTEM_SYSRULES_sectionLayout_v1"(
    showWhen: #"urn:appian:function:v1:a:isusermemberofgroup?okey=a!isUserMemberOfGroup"(loggedInUser(),#"_a-0000eb1a-3b29-8000-9c1f-011c48011c48_3117587"),
    marginBelow: "MORE",
    label: "Visibility Settings",
    labelColor: "STANDARD",
    contents: {
      #"SYSTEM_SYSRULES_paragraphField"(
        label: "Instructions",
        labelPosition: "COLLAPSED",
        readOnly: true,
        value: {
          "From this tab, administrators can set group-level access to each log by clicking “Edit”, adding groups to each row, and clicking “Save.” All logs are available to the LR Administrators group by default. New groups can be created in the Appian Designer."
        },
        saveInto: {},
        refreshAfter: "UNFOCUS",
        height: "MEDIUM",
        validations: {}
      )
    }
  )
}</definition>
        <preferredEditor>interface</preferredEditor>
        <offlineEnabled>false</offlineEnabled>
        <isCustom>false</isCustom>
    </interface>
    <roleMap public="true">
        <role inherit="true" allowForAll="false" name="readers">
            <users/>
            <groups/>
        </role>
        <role inherit="true" allowForAll="false" name="authors">
            <users/>
            <groups/>
        </role>
        <role inherit="true" allowForAll="false" name="administrators">
            <users/>
            <groups/>
        </role>
        <role inherit="false" allowForAll="false" name="denyReaders">
            <users/>
            <groups/>
        </role>
        <role inherit="false" allowForAll="false" name="denyAuthors">
            <users/>
            <groups/>
        </role>
        <role inherit="false" allowForAll="false" name="denyAdministrators">
            <users/>
            <groups/>
        </role>
    </roleMap>
    <history>
        <historyInfo versionUuid="_a-0000eb1a-3b29-8000-9c1f-011c48011c48_3118307"/>
    </history>
</contentHaul>
