<?xml version="1.0" encoding="UTF-8" standalone="yes"?>
<contentHaul xmlns:a="http://www.appian.com/ae/types/2009">
    <versionUuid>_a-0000eb1a-3b29-8000-9c1f-011c48011c48_3125212</versionUuid>
    <rule>
        <name>LR_QRY_logDoc</name>
        <uuid>_a-0000eb1a-3b29-8000-9c1f-011c48011c48_3112634</uuid>
        <description>Queries LR Log Document record type</description>
        <parentUuid>b0bd8a1a-7a85-4870-bb6a-ceda968f644f</parentUuid>
        <visibility>
            <advertise>false</advertise>
            <hierarchy>true</hierarchy>
            <indexable>true</indexable>
            <quota>false</quota>
            <searchable>true</searchable>
            <system>false</system>
            <unlogged>false</unlogged>
        </visibility>
        <definition>#"SYSTEM_SYSRULES_queryRecordType_v1"(
  recordType: #"urn:appian:record-type:v1:1776d112-c041-49a2-94bd-0b61fb2465da",
  fields: {},
  filters: #"SYSTEM_SYSRULES_queryLogicalExpression"(
    operator: "AND",
    filters: {
      #"SYSTEM_SYSRULES_queryFilter"(
        field: #"urn:appian:record-field:v1:1776d112-c041-49a2-94bd-0b61fb2465da/99154b72-20b9-470b-9dc6-7c88b71b7082",
        operator: "=",
        value: ri!pathId
      ),
      #"SYSTEM_SYSRULES_queryFilter"(
        field: #"urn:appian:record-field:v1:1776d112-c041-49a2-94bd-0b61fb2465da/333b31b5-e127-42b6-9813-9fa6424911e7",
        operator: "=",
        value: ri!startDate
      ),
      #"SYSTEM_SYSRULES_queryFilter"(
        field: #"urn:appian:record-field:v1:1776d112-c041-49a2-94bd-0b61fb2465da/150c6bc4-0970-479f-8aa5-dc4671ed4dee",
        operator: "=",
        value: ri!endDate
      ),
      #"SYSTEM_SYSRULES_queryFilter"(
        field: #"urn:appian:record-field:v1:1776d112-c041-49a2-94bd-0b61fb2465da/32de9df8-540f-450e-bf02-06d8092b5e6a",
        operator: "=",
        value: ri!isZip
      )
    },
    ignoreFiltersWithEmptyValues: true
  ),
  pagingInfo: #"SYSTEM_SYSRULES_pagingInfo"(
    startIndex: 1,
    batchSize: 1,
    sort: {
      #"SYSTEM_SYSRULES_sortInfo"(
        field: #"urn:appian:record-field:v1:1776d112-c041-49a2-94bd-0b61fb2465da/a2d857c0-630b-47a6-a663-b765946a6100",
        ascending: false
      )
    }
  ),
  fetchTotalCount: true()
)</definition>
        <namedTypedValue>
            <name>pathId</name>
            <type>
                <name>int</name>
                <namespace>http://www.w3.org/2001/XMLSchema</namespace>
            </type>
        </namedTypedValue>
        <namedTypedValue>
            <name>startDate</name>
            <type>
                <name>date</name>
                <namespace>http://www.w3.org/2001/XMLSchema</namespace>
            </type>
        </namedTypedValue>
        <namedTypedValue>
            <name>endDate</name>
            <type>
                <name>date</name>
                <namespace>http://www.w3.org/2001/XMLSchema</namespace>
            </type>
        </namedTypedValue>
        <namedTypedValue>
            <name>isZip</name>
            <type>
                <name>boolean</name>
                <namespace>http://www.w3.org/2001/XMLSchema</namespace>
            </type>
        </namedTypedValue>
        <preferredEditor>legacy</preferredEditor>
        <offlineEnabled>false</offlineEnabled>
    </rule>
    <roleMap public="true">
        <role inherit="true" allowForAll="false" name="readers">
            <users/>
            <groups/>
        </role>
        <role inherit="true" allowForAll="false" name="authors">
            <users/>
            <groups/>
        </role>
        <role inherit="true" allowForAll="false" name="administrators">
            <users/>
            <groups/>
        </role>
        <role inherit="false" allowForAll="false" name="denyReaders">
            <users/>
            <groups/>
        </role>
        <role inherit="false" allowForAll="false" name="denyAuthors">
            <users/>
            <groups/>
        </role>
        <role inherit="false" allowForAll="false" name="denyAdministrators">
            <users/>
            <groups/>
        </role>
    </roleMap>
    <history>
        <historyInfo versionUuid="_a-0000eb1a-3b29-8000-9c1f-011c48011c48_3125212"/>
    </history>
</contentHaul>
