<?xml version="1.0" encoding="UTF-8" standalone="yes"?>
<contentHaul xmlns:a="http://www.appian.com/ae/types/2009">
    <versionUuid>_a-0000eb1a-3b29-8000-9c1f-011c48011c48_3122725</versionUuid>
    <interface>
        <name>LR_logReaderAndDownloadCSV</name>
        <uuid>_a-0000eb1a-3b29-8000-9c1f-011c48011c48_3117664</uuid>
        <description>Interface to read and download CSV logs.</description>
        <parentUuid>b0bd8a1a-7a85-4870-bb6a-ceda968f644f</parentUuid>
        <visibility>
            <advertise>false</advertise>
            <hierarchy>true</hierarchy>
            <indexable>true</indexable>
            <quota>false</quota>
            <searchable>true</searchable>
            <system>false</system>
            <unlogged>false</unlogged>
        </visibility>
        <definition>a!localVariables(
  local!logs: #"_a-0000eb1a-3b29-8000-9c1f-011c48011c48_3113205"(isCSV: true),
  local!logFile,
  local!startDate,
  local!endDate,
  local!logsRequested,
  local!success: true,
  local!gridDataHeaders,
  local!gridDataMap,
  local!preview,
  {
    #"SYSTEM_SYSRULES_sectionLayout_v1"(
      label: "",
      contents: {
        #"SYSTEM_SYSRULES_columnsLayout"(
          columns: {
            #"SYSTEM_SYSRULES_columnLayout"(
              contents: {
                #"SYSTEM_SYSRULES_columnsLayout"(
                  columns: {
                    #"SYSTEM_SYSRULES_columnLayout"(
                      contents: {
                        #"SYSTEM_SYSRULES_dropdownField_v1"(
                          choiceLabels: {
                            index(
                              local!logs,
                              #"urn:appian:record-field:v1:5a00925b-cd91-45fe-a215-406e0b012bd1/cb4d68d0-3f9e-425c-861f-44d2b1549e82",
                              {}
                            )
                          },
                          choiceValues: { local!logs },
                          label: "Log File",
                          labelPosition: "ABOVE",
                          placeholder: "--- Select a log ---",
                          value: local!logFile,
                          saveInto: { local!logFile },
                          searchDisplay: "ON",
                          validations: {}
                        )
                      },
                      width: "1X"
                    ),
                    #"SYSTEM_SYSRULES_columnLayout"(
                      contents: {
                        #"SYSTEM_SYSRULES_sideBySideLayout"(
                          items: {
                            #"SYSTEM_SYSRULES_sideBySideItem"(
                              item: #"SYSTEM_SYSRULES_dateField"(
                                label: "Start Date",
                                labelPosition: "ABOVE",
                                value: local!startDate,
                                saveInto: {
                                  local!startDate,
                                  if(
                                    isnull(local!endDate),
                                    local!endDate,
                                    null
                                  )
                                },
                                validations: {},
                                align: "LEFT"
                              )
                            ),
                            #"SYSTEM_SYSRULES_sideBySideItem"(
                              item: #"SYSTEM_SYSRULES_dateField"(
                                label: "End Date",
                                labelPosition: "ABOVE",
                                value: local!endDate,
                                saveInto: { local!endDate },
                                validations: {},
                                align: "LEFT"
                              )
                            )
                          }
                        )
                      },
                      width: "NARROW_PLUS"
                    ),
                    #"SYSTEM_SYSRULES_columnLayout"(
                      contents: {
                        #"SYSTEM_SYSRULES_ButtonArrayLayout"(
                          buttons: {
                            #"SYSTEM_SYSRULES_ButtonWidget"(
                              label: "Add Log",
                              icon: "PLUS",
                              tooltip: a!match(
                                value: or(
                                  a!isNullOrEmpty(local!logFile),
                                  a!isNullOrEmpty(local!startDate)
                                ),
                                whenTrue: fv!value,
                                then: "Please select a log file, start date and end date.",
                                whenTrue: local!endDate &lt; local!startDate,
                                then: "Start date must be earlier than end date.",
                                whenTrue: local!endDate &gt; today(),
                                then: "End date cannot be in the future.",
                                whenTrue: and(
                                  local!startDate &lt; today() - 30,
                                  index(
                                    local!logFile,
                                    #"urn:appian:record-field:v1:5a00925b-cd91-45fe-a215-406e0b012bd1/6df73e8d-ae5a-4d01-bb8a-4fb54ea45a63",
                                    {}
                                  )
                                ),
                                then: "You must choose a start date within 30 days of today for " &amp; index(
                                  local!logFile,
                                  #"urn:appian:record-field:v1:5a00925b-cd91-45fe-a215-406e0b012bd1/cb4d68d0-3f9e-425c-861f-44d2b1549e82",
                                  {}
                                ),
                                default: null
                              ),
                              saveInto: a!localVariables(
                                local!logData: #"_a-0000eb1a-3b29-8000-9c1f-011c48011c48_3111908"(
                                  startDate: local!startDate,
                                  endDate: local!endDate,
                                  logFile: local!logFile
                                ),
                                local!noLogAvailable: local!logData.totalCount =- 1,
                                if(
                                  local!noLogAvailable,
                                  { a!save(local!success, false) },
                                  {
                                    a!save(local!success, true),
                                    #"SYSTEM_SYSRULES_startProcess"(
                                      processModel: #"_a-0000eb1a-3b29-8000-9c1f-011c48011c48_3117599",
                                      processParameters: {
                                        logDoc: #"urn:appian:record-type:v1:1776d112-c041-49a2-94bd-0b61fb2465da"(
                                          #"urn:appian:record-field:v1:1776d112-c041-49a2-94bd-0b61fb2465da/a4b6fc73-f4c4-4b51-a82c-11ac65a4a6b2": loggedInUser(),
                                          #"urn:appian:record-field:v1:1776d112-c041-49a2-94bd-0b61fb2465da/05d06280-4b3b-43d5-8870-1b3b5a308150": now(),
                                          #"urn:appian:record-field:v1:1776d112-c041-49a2-94bd-0b61fb2465da/333b31b5-e127-42b6-9813-9fa6424911e7": local!startDate,
                                          #"urn:appian:record-field:v1:1776d112-c041-49a2-94bd-0b61fb2465da/150c6bc4-0970-479f-8aa5-dc4671ed4dee": local!endDate,
                                          #"urn:appian:record-field:v1:1776d112-c041-49a2-94bd-0b61fb2465da/99154b72-20b9-470b-9dc6-7c88b71b7082": index(
                                            local!logFile,
                                            #"urn:appian:record-field:v1:5a00925b-cd91-45fe-a215-406e0b012bd1/b849f1c0-bd16-42e5-b88d-366ff004f47c",
                                            {}
                                          )
                                        ),
                                        logData: local!logData,
                                        documentName: substitute(
                                          index(
                                            local!logFile,
                                            #"urn:appian:record-field:v1:5a00925b-cd91-45fe-a215-406e0b012bd1/cb4d68d0-3f9e-425c-861f-44d2b1549e82",
                                            {}
                                          ) &amp; "." &amp; text(local!startDate, "mm-dd-yyyy") &amp; if(
                                            local!startDate = local!endDate,
                                            null,
                                            "_" &amp; text(local!endDate, "mm-dd-yyyy")
                                          ),
                                          "/",
                                          "_"
                                        )
                                      },
                                      onSuccess: a!save(local!success, true),
                                      onError: { a!save(local!success, false) }
                                    ),
                                    if(
                                      local!success &lt;&gt; false,
                                      {
                                        a!save(
                                          local!logsRequested,
                                          append(
                                            if(
                                              a!isNullOrEmpty(local!logsRequested),
                                              {},
                                              local!logsRequested
                                            ),
                                            a!map(
                                              record: #"urn:appian:function:v1:a:update"(
                                                data: #"urn:appian:record-type:v1:1776d112-c041-49a2-94bd-0b61fb2465da"(),
                                                index: {
                                                  #"urn:appian:record-field:v1:1776d112-c041-49a2-94bd-0b61fb2465da/99154b72-20b9-470b-9dc6-7c88b71b7082",
                                                  #"urn:appian:record-field:v1:1776d112-c041-49a2-94bd-0b61fb2465da/333b31b5-e127-42b6-9813-9fa6424911e7",
                                                  #"urn:appian:record-field:v1:1776d112-c041-49a2-94bd-0b61fb2465da/150c6bc4-0970-479f-8aa5-dc4671ed4dee"
                                                },
                                                value: {
                                                  index(
                                                    local!logFile,
                                                    #"urn:appian:record-field:v1:5a00925b-cd91-45fe-a215-406e0b012bd1/b849f1c0-bd16-42e5-b88d-366ff004f47c",
                                                    {}
                                                  ),
                                                  local!startDate,
                                                  local!endDate
                                                }
                                              ),
                                              logRef: local!logFile,
                                              name: index(
                                                local!logFile,
                                                #"urn:appian:record-field:v1:5a00925b-cd91-45fe-a215-406e0b012bd1/cb4d68d0-3f9e-425c-861f-44d2b1549e82",
                                                {}
                                              ) &amp; "." &amp; text(local!startDate, "mm-dd-yyyy") &amp; if(
                                                local!startDate = local!endDate,
                                                null,
                                                "_" &amp; text(local!endDate, "mm-dd-yyyy")
                                              )
                                            )
                                          )
                                        ),
                                        a!save(
                                          local!gridDataMap,
                                          if(
                                            a!isNullOrEmpty(local!logData.rows),
                                            null,
                                            #"SYSTEM_SYSRULES_forEach"(
                                              items: local!logData.rows,
                                              expression: a!map(index: fv!index, data: fv!item)
                                            )
                                          )
                                        ),
                                        a!save(
                                          local!gridDataHeaders,
                                          local!logData.headers
                                        ),
                                        a!save(
                                          local!preview,
                                          index(
                                            local!logFile,
                                            #"urn:appian:record-field:v1:5a00925b-cd91-45fe-a215-406e0b012bd1/cb4d68d0-3f9e-425c-861f-44d2b1549e82",
                                            {}
                                          ) &amp; "." &amp; text(local!startDate, "mm-dd-yyyy") &amp; if(
                                            local!startDate = local!endDate,
                                            null,
                                            "_" &amp; text(local!endDate, "mm-dd-yyyy")
                                          )
                                        )
                                      },
                                      null
                                    )
                                  }
                                )
                              ),
                              size: "SMALL",
                              style: "PRIMARY",
                              disabled: or(
                                and(
                                  if(
                                    a!isNullOrEmpty(local!startDate),
                                    false,
                                    local!startDate &lt; today() - 30
                                  ),
                                  index(
                                    local!logFile,
                                    #"urn:appian:record-field:v1:5a00925b-cd91-45fe-a215-406e0b012bd1/6df73e8d-ae5a-4d01-bb8a-4fb54ea45a63",
                                    {}
                                  )
                                ),
                                a!isNullOrEmpty(local!logFile),
                                a!isNullOrEmpty(local!startDate),
                                local!endDate &lt; local!startDate,
                                local!endDate &gt; today()
                              )
                            )
                          },
                          align: "START",
                          marginBelow: "NONE"
                        )
                      }
                    )
                  },
                  alignVertical: "BOTTOM",
                  spacing: "STANDARD"
                ),
                #"SYSTEM_SYSRULES_richTextDisplayField"(
                  value: #"SYSTEM_SYSRULES_richTextItem_v1"(
                    text: #"_a-0000eb1a-3b29-8000-9c1f-011c48011c48_3117671",
                    color: "NEGATIVE"
                  ),
                  showWhen: local!success = false
                )
              },
              width: "2X"
            )
          }
        ),
        #"SYSTEM_SYSRULES_sectionLayout_v1"(
          showWhen: a!isNotNullOrEmpty(local!logsRequested),
          label: "",
          contents: { #"_a-0000eb1a-3b29-8000-9c1f-011c48011c48_3117635"() }
        ),
        #"SYSTEM_SYSRULES_columnsLayout"(
          columns: {
            #"SYSTEM_SYSRULES_columnLayout"(
              contents: {
                #"SYSTEM_SYSRULES_gridField_v1"(
                  label: "Logs",
                  labelPosition: "COLLAPSED",
                  data: local!logsRequested,
                  columns: {
                    #"SYSTEM_SYSRULES_gridColumn"(label: "Files", value: fv!row.name),
                    #"SYSTEM_SYSRULES_gridColumn"(
                      label: "",
                      value: #"SYSTEM_SYSRULES_ButtonArrayLayout"(
                        buttons: #"SYSTEM_SYSRULES_ButtonWidget"(
                          label: "",
                          style: "LINK",
                          saveInto: {
                            a!localVariables(
                              local!logData: #"_a-0000eb1a-3b29-8000-9c1f-011c48011c48_3111908"(
                                startDate: index(
                                  fv!row.record,
                                  #"urn:appian:record-field:v1:1776d112-c041-49a2-94bd-0b61fb2465da/333b31b5-e127-42b6-9813-9fa6424911e7",
                                  {}
                                ),
                                endDate: index(
                                  fv!row.record,
                                  #"urn:appian:record-field:v1:1776d112-c041-49a2-94bd-0b61fb2465da/150c6bc4-0970-479f-8aa5-dc4671ed4dee",
                                  {}
                                ),
                                logFile: fv!row.logRef,
                                isPreview: true
                              ),
                              {
                                a!save(
                                  local!gridDataMap,
                                  if(
                                    a!isNullOrEmpty(local!logData.rows),
                                    null,
                                    #"SYSTEM_SYSRULES_forEach"(
                                      items: local!logData.rows,
                                      expression: a!map(index: fv!index, data: fv!item)
                                    )
                                  )
                                ),
                                a!save(
                                  local!gridDataHeaders,
                                  local!logData.headers
                                ),
                                a!save(local!preview, fv!row.name)
                              }
                            )
                          },
                          icon: "eye",
                          tooltip: "Preview Log",
                          width: "MINIMIZE"
                        )
                      ),
                      width: "ICON"
                    ),
                    #"SYSTEM_SYSRULES_gridColumn"(
                      label: "",
                      value: #"SYSTEM_SYSRULES_richTextDisplayField"(
                        value: #"SYSTEM_SYSRULES_richTextIcon"(
                          icon: "download",
                          altText: "Download",
                          caption: "Download Log",
                          link: #"SYSTEM_SYSRULES_documentDownloadLink"(
                            document: index(
                              index(
                                #"_a-0000eb1a-3b29-8000-9c1f-011c48011c48_3112634"(
                                  pathId: index(
                                    fv!row.record,
                                    #"urn:appian:record-field:v1:1776d112-c041-49a2-94bd-0b61fb2465da/99154b72-20b9-470b-9dc6-7c88b71b7082",
                                    {}
                                  ),
                                  startDate: index(
                                    fv!row.record,
                                    #"urn:appian:record-field:v1:1776d112-c041-49a2-94bd-0b61fb2465da/333b31b5-e127-42b6-9813-9fa6424911e7",
                                    {}
                                  ),
                                  endDate: index(
                                    fv!row.record,
                                    #"urn:appian:record-field:v1:1776d112-c041-49a2-94bd-0b61fb2465da/150c6bc4-0970-479f-8aa5-dc4671ed4dee",
                                    {}
                                  )
                                ).data,
                                #"urn:appian:record-field:v1:1776d112-c041-49a2-94bd-0b61fb2465da/880dcc6b-03e8-4c19-80ed-0a56306caf46",
                                {}
                              ),
                              1,
                              {}
                            )
                          )
                        )
                      ),
                      width: "ICON"
                    ),
                    #"SYSTEM_SYSRULES_gridColumn"(
                      label: "",
                      value: #"SYSTEM_SYSRULES_ButtonArrayLayout"(
                        buttons: #"SYSTEM_SYSRULES_ButtonWidget"(
                          label: "",
                          style: "LINK",
                          saveInto: {
                            a!save(
                              local!logsRequested,
                              remove(
                                local!logsRequested,
                                wherecontains(fv!row.name, local!logsRequested.name)
                              )
                            ),
                            if(
                              local!preview = fv!row.name,
                              {
                                a!save(local!preview, null),
                                a!save(local!gridDataMap, null),
                                a!save(local!gridDataHeaders, null)
                              },
                              null
                            )
                          },
                          icon: "times",
                          width: "MINIMIZE"
                        )
                      ),
                      width: "ICON"
                    )
                  },
                  validations: {},
                  spacing: "DENSE"
                ),
                #"SYSTEM_SYSRULES_ButtonArrayLayout"(
                  buttons: {
                    #"SYSTEM_SYSRULES_ButtonWidget"(
                      label: "Prepare Zip",
                      icon: "file-archive",
                      saveInto: a!save(
                        ri!docs,
                        #"SYSTEM_SYSRULES_forEach"(
                          items: local!logsRequested,
                          expression: index(
                            index(
                              #"_a-0000eb1a-3b29-8000-9c1f-011c48011c48_3112634"(
                                pathId: index(
                                  fv!item.record,
                                  #"urn:appian:record-field:v1:1776d112-c041-49a2-94bd-0b61fb2465da/99154b72-20b9-470b-9dc6-7c88b71b7082",
                                  {}
                                ),
                                startDate: index(
                                  fv!item.record,
                                  #"urn:appian:record-field:v1:1776d112-c041-49a2-94bd-0b61fb2465da/333b31b5-e127-42b6-9813-9fa6424911e7",
                                  {}
                                ),
                                endDate: index(
                                  fv!item.record,
                                  #"urn:appian:record-field:v1:1776d112-c041-49a2-94bd-0b61fb2465da/150c6bc4-0970-479f-8aa5-dc4671ed4dee",
                                  {}
                                )
                              ).data,
                              #"urn:appian:record-field:v1:1776d112-c041-49a2-94bd-0b61fb2465da/880dcc6b-03e8-4c19-80ed-0a56306caf46",
                              {}
                            ),
                            1,
                            {}
                          )
                        )
                      ),
                      submit: true,
                      size: "SMALL",
                      style: "SECONDARY"
                    )
                  },
                  showWhen: if(
                    a!isNullOrEmpty(local!logsRequested),
                    false,
                    length(local!logsRequested) &gt; 1
                  ),
                  align: "START"
                ),
                #"SYSTEM_SYSRULES_gridField_v1"(
                  label: "Viewing: " &amp; local!preview,
                  labelPosition: "ABOVE",
                  helpTooltip: #"_a-0000eb1a-3b29-8000-9c1f-011c48011c48_3117569",
                  data: if(
                    a!isNotNullOrEmpty(local!gridDataMap),
                    if(
                      length(local!gridDataMap) &gt; 500,
                      index(local!gridDataMap, enumerate(500) + 1, {}),
                      local!gridDataMap
                    ),
                    null
                  ),
                  columns: {
                    #"SYSTEM_SYSRULES_forEach"(
                      items: local!gridDataHeaders,
                      expression: #"SYSTEM_SYSRULES_gridColumn"(
                        label: fv!item,
                        value: split(fv!row.data, ",")[fv!index]
                      )
                    )
                  },
                  validations: {},
                  showWhen: a!isNotNullOrEmpty(local!gridDataHeaders)
                )
              },
              width: "2X"
            )
          }
        )
      }
    )
  }
)</definition>
        <namedTypedValue>
            <name>docs</name>
            <type>
                <name>CollaborationDocument?list</name>
                <namespace>http://www.appian.com/ae/types/2009</namespace>
            </type>
        </namedTypedValue>
        <preferredEditor>interface</preferredEditor>
        <offlineEnabled>false</offlineEnabled>
        <isCustom>false</isCustom>
    </interface>
    <roleMap public="true">
        <role inherit="true" allowForAll="false" name="readers">
            <users/>
            <groups/>
        </role>
        <role inherit="true" allowForAll="false" name="authors">
            <users/>
            <groups/>
        </role>
        <role inherit="true" allowForAll="false" name="administrators">
            <users/>
            <groups/>
        </role>
        <role inherit="false" allowForAll="false" name="denyReaders">
            <users/>
            <groups/>
        </role>
        <role inherit="false" allowForAll="false" name="denyAuthors">
            <users/>
            <groups/>
        </role>
        <role inherit="false" allowForAll="false" name="denyAdministrators">
            <users/>
            <groups/>
        </role>
    </roleMap>
    <history>
        <historyInfo versionUuid="_a-0000eb1a-3b29-8000-9c1f-011c48011c48_3122725"/>
    </history>
</contentHaul>
