<?xml version="1.0" encoding="UTF-8" standalone="yes"?>
<contentHaul xmlns:a="http://www.appian.com/ae/types/2009">
    <versionUuid>_a-0000eb1a-3b29-8000-9c1f-011c48011c48_3125520</versionUuid>
    <rule>
        <name>LR_readCsvDateRangeHA</name>
        <uuid>_a-0000eb1a-3b29-8000-9c1f-011c48011c48_3122082</uuid>
        <description>Reads csv logs for each server in an HA environment</description>
        <parentUuid>b0bd8a1a-7a85-4870-bb6a-ceda968f644f</parentUuid>
        <visibility>
            <advertise>false</advertise>
            <hierarchy>true</hierarchy>
            <indexable>true</indexable>
            <quota>false</quota>
            <searchable>true</searchable>
            <system>false</system>
            <unlogged>false</unlogged>
        </visibility>
        <definition>#"SYSTEM_SYSRULES_forEach"(
  items: #"_a-0000eb1a-3b29-8000-9c1f-011c48011c48_3122075",
  expression: a!map(
    documentName: substitute(
      fv!item &amp; "/" &amp; index(
        ri!logFile,
        #"urn:appian:record-field:v1:5a00925b-cd91-45fe-a215-406e0b012bd1/cb4d68d0-3f9e-425c-861f-44d2b1549e82",
        {}
      ) &amp; "." &amp; text(ri!startDate, "mm-dd-yyyy") &amp; if(
        ri!startDate = ri!endDate,
        null,
        "_" &amp; text(ri!endDate, "mm-dd-yyyy")
      ),
      "/",
      "_"
    ),
    logData: #"_a-0000eb1a-3b29-8000-9c1f-011c48011c48_3111908"(
      logFile: #"urn:appian:function:v1:a:update"(
        data: ri!logFile,
        index: #"urn:appian:record-field:v1:5a00925b-cd91-45fe-a215-406e0b012bd1/cb4d68d0-3f9e-425c-861f-44d2b1549e82",
        value: concat(
          fv!item,
          "/",
          ri!logFile[#"urn:appian:record-field:v1:5a00925b-cd91-45fe-a215-406e0b012bd1/cb4d68d0-3f9e-425c-861f-44d2b1549e82"]
        )
      ),
      startDate: ri!startDate,
      endDate: ri!endDate,
      isPreview: ri!isPreview
    ),
    logDoc: #"urn:appian:record-type:v1:1776d112-c041-49a2-94bd-0b61fb2465da"(
      #"urn:appian:record-field:v1:1776d112-c041-49a2-94bd-0b61fb2465da/a4b6fc73-f4c4-4b51-a82c-11ac65a4a6b2": loggedInUser(),
      #"urn:appian:record-field:v1:1776d112-c041-49a2-94bd-0b61fb2465da/05d06280-4b3b-43d5-8870-1b3b5a308150": now(),
      #"urn:appian:record-field:v1:1776d112-c041-49a2-94bd-0b61fb2465da/333b31b5-e127-42b6-9813-9fa6424911e7": ri!startDate,
      #"urn:appian:record-field:v1:1776d112-c041-49a2-94bd-0b61fb2465da/150c6bc4-0970-479f-8aa5-dc4671ed4dee": ri!endDate,
      #"urn:appian:record-field:v1:1776d112-c041-49a2-94bd-0b61fb2465da/99154b72-20b9-470b-9dc6-7c88b71b7082": index(
        ri!logFile,
        #"urn:appian:record-field:v1:5a00925b-cd91-45fe-a215-406e0b012bd1/b849f1c0-bd16-42e5-b88d-366ff004f47c",
        {}
      )
    )
  )
)</definition>
        <namedTypedValue>
            <name>logFile</name>
            <type>
                <name>5a00925b-cd91-45fe-a215-406e0b012bd1</name>
                <namespace>urn:com:appian:recordtype:datatype</namespace>
            </type>
        </namedTypedValue>
        <namedTypedValue>
            <name>startDate</name>
            <type>
                <name>date</name>
                <namespace>http://www.w3.org/2001/XMLSchema</namespace>
            </type>
        </namedTypedValue>
        <namedTypedValue>
            <name>endDate</name>
            <type>
                <name>date</name>
                <namespace>http://www.w3.org/2001/XMLSchema</namespace>
            </type>
        </namedTypedValue>
        <namedTypedValue>
            <name>isPreview</name>
            <type>
                <name>boolean</name>
                <namespace>http://www.w3.org/2001/XMLSchema</namespace>
            </type>
        </namedTypedValue>
        <preferredEditor>legacy</preferredEditor>
        <offlineEnabled>false</offlineEnabled>
    </rule>
    <roleMap public="true">
        <role inherit="true" allowForAll="false" name="readers">
            <users/>
            <groups/>
        </role>
        <role inherit="true" allowForAll="false" name="authors">
            <users/>
            <groups/>
        </role>
        <role inherit="true" allowForAll="false" name="administrators">
            <users/>
            <groups/>
        </role>
        <role inherit="false" allowForAll="false" name="denyReaders">
            <users/>
            <groups/>
        </role>
        <role inherit="false" allowForAll="false" name="denyAuthors">
            <users/>
            <groups/>
        </role>
        <role inherit="false" allowForAll="false" name="denyAdministrators">
            <users/>
            <groups/>
        </role>
    </roleMap>
    <history>
        <historyInfo versionUuid="_a-0000eb1a-3b29-8000-9c1f-011c48011c48_3125520"/>
    </history>
</contentHaul>
