<?xml version="1.0" encoding="UTF-8" standalone="yes"?>
<contentHaul xmlns:a="http://www.appian.com/ae/types/2009">
    <versionUuid>_a-0000eb1a-3b29-8000-9c1f-011c48011c48_3113097</versionUuid>
    <rule>
        <name>LR_QRY_logRefVisibilityMap</name>
        <uuid>_a-0000eb1a-3b29-8000-9c1f-011c48011c48_3113086</uuid>
        <description>Queries log reference record type with relationship to visibility map</description>
        <parentUuid>b0bd8a1a-7a85-4870-bb6a-ceda968f644f</parentUuid>
        <visibility>
            <advertise>false</advertise>
            <hierarchy>true</hierarchy>
            <indexable>true</indexable>
            <quota>false</quota>
            <searchable>true</searchable>
            <system>false</system>
            <unlogged>false</unlogged>
        </visibility>
        <definition>#"SYSTEM_SYSRULES_queryRecordType_v1"(
  recordType: #"urn:appian:record-type:v1:5a00925b-cd91-45fe-a215-406e0b012bd1",
  fields: {
    #"urn:appian:record-field:v1:5a00925b-cd91-45fe-a215-406e0b012bd1/b849f1c0-bd16-42e5-b88d-366ff004f47c",
    #"urn:appian:record-field:v1:5a00925b-cd91-45fe-a215-406e0b012bd1/cb4d68d0-3f9e-425c-861f-44d2b1549e82",
    #"urn:appian:record-field:v1:5a00925b-cd91-45fe-a215-406e0b012bd1/180888ba-8ae7-4d1f-8a80-4eef76b44992/f827667e-1a74-4b9e-9477-4268a8becced",
    #"urn:appian:record-field:v1:5a00925b-cd91-45fe-a215-406e0b012bd1/180888ba-8ae7-4d1f-8a80-4eef76b44992/cec5d14b-bfdd-4afa-94ad-c3ec9bee941b"
  },
  pagingInfo: #"SYSTEM_SYSRULES_pagingInfo"(
    startIndex: 1,
    batchSize: 100
  )
).data</definition>
        <preferredEditor>legacy</preferredEditor>
        <offlineEnabled>false</offlineEnabled>
    </rule>
    <roleMap public="true">
        <role inherit="true" allowForAll="false" name="readers">
            <users/>
            <groups/>
        </role>
        <role inherit="true" allowForAll="false" name="authors">
            <users/>
            <groups/>
        </role>
        <role inherit="true" allowForAll="false" name="administrators">
            <users/>
            <groups/>
        </role>
        <role inherit="false" allowForAll="false" name="denyReaders">
            <users/>
            <groups/>
        </role>
        <role inherit="false" allowForAll="false" name="denyAuthors">
            <users/>
            <groups/>
        </role>
        <role inherit="false" allowForAll="false" name="denyAdministrators">
            <users/>
            <groups/>
        </role>
    </roleMap>
    <history>
        <historyInfo versionUuid="_a-0000eb1a-3b29-8000-9c1f-011c48011c48_3113097"/>
    </history>
</contentHaul>
