<?xml version="1.0" encoding="UTF-8" standalone="yes"?>
<groupHaul xmlns:a="http://www.appian.com/ae/types/2009">
    <versionUuid>52806e66-6bb5-489b-acde-93f5ec1d8be6</versionUuid>
    <group>
        <name>LR Administrators</name>
        <securityMap>SECURITYMAP_TEAM</securityMap>
        <uuid>52806e66-6bb5-489b-acde-93f5ec1d8be6</uuid>
        <groupTypeUuid>SYSTEM_GROUP_TYPE_CUSTOM</groupTypeUuid>
        <description>Assigns Administrator permissions to users for objects in the application</description>
        <delegatedCreation>false</delegatedCreation>
        <memberPolicy>MEMBERPOLICY_CLOSED</memberPolicy>
        <viewingPolicy>VIEWINGPOLICY_LOW</viewingPolicy>
        <attributes/>
    </group>
    <members>
        <users/>
        <groups/>
    </members>
    <admins>
        <users/>
        <groups>
            <groupUuid>52806e66-6bb5-489b-acde-93f5ec1d8be6</groupUuid>
        </groups>
    </admins>
    <ruleSet/>
    <history>
        <historyInfo versionUuid="52806e66-6bb5-489b-acde-93f5ec1d8be6"/>
    </history>
</groupHaul>
