<?xml version="1.0" encoding="UTF-8" standalone="yes"?>
<processModelFolderHaul xmlns:a="http://www.appian.com/ae/types/2009">
    <versionUuid>f8475acf-a985-49e7-a93d-d4f82e0e3ca5</versionUuid>
    <processModelFolder>
        <name>LR Process Models</name>
        <uuid>a252dbec-2149-4b3a-b3f0-a72fbe6a88e9</uuid>
        <description>Stores process models for the application</description>
    </processModelFolder>
    <roleMap>
        <role name="ADMIN_OWNER">
            <users/>
            <groups>
                <groupUuid>52806e66-6bb5-489b-acde-93f5ec1d8be6</groupUuid>
            </groups>
        </role>
        <role name="EDITOR">
            <users/>
            <groups/>
        </role>
        <role name="EXPLICIT_NONMEMBER">
            <users/>
            <groups/>
        </role>
        <role name="VIEWER">
            <users/>
            <groups>
                <groupUuid>4e0652d8-6db1-4689-827a-b10aec759c9b</groupUuid>
            </groups>
        </role>
        <role name="MANAGER">
            <users/>
            <groups/>
        </role>
        <role name="INITIATOR">
            <users/>
            <groups/>
        </role>
    </roleMap>
    <history>
        <historyInfo versionUuid="f8475acf-a985-49e7-a93d-d4f82e0e3ca5"/>
    </history>
</processModelFolderHaul>
