<?xml version="1.0" encoding="UTF-8"?>
<recordTypeHaul xmlns:a="http://www.appian.com/ae/types/2009" xmlns:xsi="http://www.w3.org/2001/XMLSchema-instance">
  <versionUuid>c4962f11-e67d-400b-993c-3f372aa0e4a9</versionUuid>
  <recordType a:uuid="1776d112-c041-49a2-94bd-0b61fb2465da" name="LR Log Document">
    <a:pluralName>Log Documents</a:pluralName>
    <a:description>Stores log document metadata as rows</a:description>
    <a:urlStub>9pmVog</a:urlStub>
    <a:source xsi:type="a:RecordsReplica"/>
    <a:listViewTemplateExpr>#"SYSTEM_SYSRULES_recordGridField"(
  columns: {
    #"SYSTEM_SYSRULES_gridColumn"(
      label: "Id",
      sortField: 'recordType!{1776d112-c041-49a2-94bd-0b61fb2465da}LR Log Document.fields.{a2d857c0-630b-47a6-a663-b765946a6100}id',
      value: fv!row['recordType!{1776d112-c041-49a2-94bd-0b61fb2465da}LR Log Document.fields.{a2d857c0-630b-47a6-a663-b765946a6100}id'],
      align: "END"
    ),
    #"SYSTEM_SYSRULES_gridColumn"(
      label: "Appian Doc Id",
      sortField: 'recordType!{1776d112-c041-49a2-94bd-0b61fb2465da}LR Log Document.fields.{880dcc6b-03e8-4c19-80ed-0a56306caf46}appianDocId',
      value: #"SYSTEM_SYSRULES_linkField"(
        links: {
          #"SYSTEM_SYSRULES_recordLink"(
            label: fv!row['recordType!{1776d112-c041-49a2-94bd-0b61fb2465da}LR Log Document.fields.{880dcc6b-03e8-4c19-80ed-0a56306caf46}appianDocId'],
            recordType: #"urn:appian:record-type:v1:1776d112-c041-49a2-94bd-0b61fb2465da",
            identifier: fv!identifier
          )
        }
      ),
      align: "END"
    ),
    #"SYSTEM_SYSRULES_gridColumn"(
      label: "Log Path Ref Id",
      sortField: 'recordType!{1776d112-c041-49a2-94bd-0b61fb2465da}LR Log Document.fields.{99154b72-20b9-470b-9dc6-7c88b71b7082}logPathRefId',
      value: fv!row['recordType!{1776d112-c041-49a2-94bd-0b61fb2465da}LR Log Document.fields.{99154b72-20b9-470b-9dc6-7c88b71b7082}logPathRefId'],
      align: "END"
    ),
    #"SYSTEM_SYSRULES_gridColumn"(
      label: "Log Start Date",
      sortField: 'recordType!{1776d112-c041-49a2-94bd-0b61fb2465da}LR Log Document.fields.{333b31b5-e127-42b6-9813-9fa6424911e7}logStartDate',
      value: fv!row['recordType!{1776d112-c041-49a2-94bd-0b61fb2465da}LR Log Document.fields.{333b31b5-e127-42b6-9813-9fa6424911e7}logStartDate'],
      align: "END"
    ),
    #"SYSTEM_SYSRULES_gridColumn"(
      label: "Log End Date",
      sortField: 'recordType!{1776d112-c041-49a2-94bd-0b61fb2465da}LR Log Document.fields.{150c6bc4-0970-479f-8aa5-dc4671ed4dee}logEndDate',
      value: fv!row['recordType!{1776d112-c041-49a2-94bd-0b61fb2465da}LR Log Document.fields.{150c6bc4-0970-479f-8aa5-dc4671ed4dee}logEndDate'],
      align: "END"
    ),
    #"SYSTEM_SYSRULES_gridColumn"(
      label: "Is Active",
      sortField: 'recordType!{1776d112-c041-49a2-94bd-0b61fb2465da}LR Log Document.fields.{1001c2ac-1f28-47dc-bc4c-ca94fbe9697e}isActive',
      value: fv!row['recordType!{1776d112-c041-49a2-94bd-0b61fb2465da}LR Log Document.fields.{1001c2ac-1f28-47dc-bc4c-ca94fbe9697e}isActive']
    ),
    #"SYSTEM_SYSRULES_gridColumn"(
      label: "Created By",
      sortField: 'recordType!{1776d112-c041-49a2-94bd-0b61fb2465da}LR Log Document.fields.{a4b6fc73-f4c4-4b51-a82c-11ac65a4a6b2}createdBy',
      value: fv!row['recordType!{1776d112-c041-49a2-94bd-0b61fb2465da}LR Log Document.fields.{a4b6fc73-f4c4-4b51-a82c-11ac65a4a6b2}createdBy']
    ),
    #"SYSTEM_SYSRULES_gridColumn"(
      label: "Created On",
      sortField: 'recordType!{1776d112-c041-49a2-94bd-0b61fb2465da}LR Log Document.fields.{05d06280-4b3b-43d5-8870-1b3b5a308150}createdOn',
      value: if(
      isnull(fv!row['recordType!{1776d112-c041-49a2-94bd-0b61fb2465da}LR Log Document.fields.{05d06280-4b3b-43d5-8870-1b3b5a308150}createdOn']),
      fv!row['recordType!{1776d112-c041-49a2-94bd-0b61fb2465da}LR Log Document.fields.{05d06280-4b3b-43d5-8870-1b3b5a308150}createdOn'],
      datetext(fv!row['recordType!{1776d112-c041-49a2-94bd-0b61fb2465da}LR Log Document.fields.{05d06280-4b3b-43d5-8870-1b3b5a308150}createdOn'], "default")
      ),
      align: "END"
    )
  },
  pageSize: 50,
  shadeAlternateRows: true
)</a:listViewTemplateExpr>
    <a:fieldCfg a:uuid="3b114428-cafd-4161-aa3f-f0f61036b16a" name="LR Log Reference">
      <a:description/>
      <a:sourceRef>d4196694-59fe-460b-afec-b408180c624c/cb4d68d0-3f9e-425c-861f-44d2b1549e82</a:sourceRef>
      <a:isSortable>false</a:isSortable>
      <a:isSearchable>false</a:isSearchable>
      <a:isFacet>true</a:isFacet>
      <a:facetType>CUSTOM_BUCKETS_CLOSED</a:facetType>
      <a:isExclusiveFacet>true</a:isExclusiveFacet>
      <a:facetLabelExpr>"Lr Log Reference"</a:facetLabelExpr>
      <a:sortOrderIndex>0</a:sortOrderIndex>
      <a:facetOrderIndex>0</a:facetOrderIndex>
      <a:visibilityExpr/>
      <a:defaultOptionExpr/>
      <a:allowMultipleSelections>true</a:allowMultipleSelections>
      <a:relatedRecordFieldUuid>d4196694-59fe-460b-afec-b408180c624c/cb4d68d0-3f9e-425c-861f-44d2b1549e82</a:relatedRecordFieldUuid>
    </a:fieldCfg>
    <a:detailViewCfg>
      <a:nameExpr>#"SYSTEM_SYSRULES_rtd_getDefaultSummaryViewName"()</a:nameExpr>
      <a:uiExpr/>
      <a:visibilityExpr>=true()</a:visibilityExpr>
      <a:urlStub>summary</a:urlStub>
      <a:headerExpr/>
      <a:recordActionLaunchType>DIALOG</a:recordActionLaunchType>
      <a:recordUiSecurityType>EXPRESSION</a:recordUiSecurityType>
    </a:detailViewCfg>
    <a:isSystem>false</a:isSystem>
    <a:dataSrcExpr/>
    <a:facetsListExpr/>
    <a:titleExpr>rv!record[#"urn:appian:record-field:v1:1776d112-c041-49a2-94bd-0b61fb2465da/a4b6fc73-f4c4-4b51-a82c-11ac65a4a6b2"]</a:titleExpr>
    <a:defaultFiltersExpr/>
    <a:layoutType>GRID</a:layoutType>
    <a:security>16383</a:security>
    <a:hideLatestNews>false</a:hideLatestNews>
    <a:hideNewsView>false</a:hideNewsView>
    <a:hideRelatedActionsView>false</a:hideRelatedActionsView>
    <a:isExportable>true</a:isExportable>
    <a:listViewSrcExpr/>
    <a:recordViewSrcExpr/>
    <a:recordRelationshipCfg>
      <uuid>d4196694-59fe-460b-afec-b408180c624c</uuid>
      <relationshipName>lrLogReference</relationshipName>
      <targetRecordTypeUuid>5a00925b-cd91-45fe-a215-406e0b012bd1</targetRecordTypeUuid>
      <relationshipType>MANY_TO_ONE</relationshipType>
      <relationshipData>{"sourceRecordTypeFieldUuid":"99154b72-20b9-470b-9dc6-7c88b71b7082","targetRecordTypeFieldUuid":"b849f1c0-bd16-42e5-b88d-366ff004f47c","relationshipOperator":"1","joinTableSourceField":"","joinTableTargetField":""}</relationshipData>
      <updateBehavior>NON_CASCADING</updateBehavior>
    </a:recordRelationshipCfg>
    <a:recordTypeSearchCfg>
      <searchFieldsSrc>DEFAULT</searchFieldsSrc>
      <placeholderSrc>DEFAULT</placeholderSrc>
      <placeholder/>
    </a:recordTypeSearchCfg>
    <a:iconId/>
    <a:listAutoRefreshInterval>0.0</a:listAutoRefreshInterval>
    <a:sourceConfiguration>
      <sourceUuid>LR_LOG_DOCUMENT@jdbc/Appian</sourceUuid>
      <sourceType>RDBMS_TABLE</sourceType>
      <friendlyName>LR_LOG_DOCUMENT</friendlyName>
      <sourceFilterExpr>#"SYSTEM_SYSRULES_queryLogicalExpression"(
  operator: "AND",
  filters: {
    #"SYSTEM_SYSRULES_queryFilter"(
      field: "IS_ACTIVE",
      operator: "=",
      value: true
    )
  },
  ignoreFiltersWithEmptyValues: true
)</sourceFilterExpr>
      <field>
        <uuid>a2d857c0-630b-47a6-a663-b765946a6100</uuid>
        <type>{http://www.appian.com/ae/types/2009}Integer</type>
        <sourceFieldName>ID</sourceFieldName>
        <sourceFieldType>INTEGER</sourceFieldType>
        <fieldName>id</fieldName>
        <isRecordId>true</isRecordId>
        <isUnique>true</isUnique>
        <isCustomField>false</isCustomField>
        <customFieldExpr/>
        <fieldCalculationType>NA</fieldCalculationType>
        <fieldTemplateType>NA</fieldTemplateType>
      </field>
      <field>
        <uuid>880dcc6b-03e8-4c19-80ed-0a56306caf46</uuid>
        <type>{http://www.appian.com/ae/types/2009}Integer</type>
        <sourceFieldName>APPIAN_DOC_ID</sourceFieldName>
        <sourceFieldType>INTEGER</sourceFieldType>
        <fieldName>appianDocId</fieldName>
        <isRecordId>false</isRecordId>
        <isUnique>false</isUnique>
        <isCustomField>false</isCustomField>
        <customFieldExpr/>
        <fieldCalculationType>NA</fieldCalculationType>
        <fieldTemplateType>NA</fieldTemplateType>
      </field>
      <field>
        <uuid>99154b72-20b9-470b-9dc6-7c88b71b7082</uuid>
        <type>{http://www.appian.com/ae/types/2009}Integer</type>
        <sourceFieldName>LOG_PATH_REF_ID</sourceFieldName>
        <sourceFieldType>INTEGER</sourceFieldType>
        <fieldName>logPathRefId</fieldName>
        <isRecordId>false</isRecordId>
        <isUnique>false</isUnique>
        <isCustomField>false</isCustomField>
        <customFieldExpr/>
        <fieldCalculationType>NA</fieldCalculationType>
        <fieldTemplateType>NA</fieldTemplateType>
      </field>
      <field>
        <uuid>0b22f47d-086f-4e59-8a60-fa2d3c1186fa</uuid>
        <type>{http://www.appian.com/ae/types/2009}Text</type>
        <sourceFieldName>SERVER</sourceFieldName>
        <sourceFieldType>VARCHAR(255)</sourceFieldType>
        <fieldName>server</fieldName>
        <isRecordId>false</isRecordId>
        <isUnique>false</isUnique>
        <isCustomField>false</isCustomField>
        <customFieldExpr/>
        <fieldCalculationType>NA</fieldCalculationType>
        <fieldTemplateType>NA</fieldTemplateType>
      </field>
      <field>
        <uuid>32de9df8-540f-450e-bf02-06d8092b5e6a</uuid>
        <type>{http://www.appian.com/ae/types/2009}Boolean</type>
        <sourceFieldName>IS_ZIP</sourceFieldName>
        <sourceFieldType>BIT</sourceFieldType>
        <fieldName>isZip</fieldName>
        <isRecordId>false</isRecordId>
        <isUnique>false</isUnique>
        <isCustomField>false</isCustomField>
        <customFieldExpr/>
        <fieldCalculationType>NA</fieldCalculationType>
        <fieldTemplateType>NA</fieldTemplateType>
      </field>
      <field>
        <uuid>333b31b5-e127-42b6-9813-9fa6424911e7</uuid>
        <type>{http://www.appian.com/ae/types/2009}Date</type>
        <sourceFieldName>LOG_START_DATE</sourceFieldName>
        <sourceFieldType>DATE</sourceFieldType>
        <fieldName>logStartDate</fieldName>
        <isRecordId>false</isRecordId>
        <isUnique>false</isUnique>
        <isCustomField>false</isCustomField>
        <customFieldExpr/>
        <fieldCalculationType>NA</fieldCalculationType>
        <fieldTemplateType>NA</fieldTemplateType>
      </field>
      <field>
        <uuid>150c6bc4-0970-479f-8aa5-dc4671ed4dee</uuid>
        <type>{http://www.appian.com/ae/types/2009}Date</type>
        <sourceFieldName>LOG_END_DATE</sourceFieldName>
        <sourceFieldType>DATE</sourceFieldType>
        <fieldName>logEndDate</fieldName>
        <isRecordId>false</isRecordId>
        <isUnique>false</isUnique>
        <isCustomField>false</isCustomField>
        <customFieldExpr/>
        <fieldCalculationType>NA</fieldCalculationType>
        <fieldTemplateType>NA</fieldTemplateType>
      </field>
      <field>
        <uuid>1001c2ac-1f28-47dc-bc4c-ca94fbe9697e</uuid>
        <type>{http://www.appian.com/ae/types/2009}Boolean</type>
        <sourceFieldName>IS_ACTIVE</sourceFieldName>
        <sourceFieldType>BIT</sourceFieldType>
        <fieldName>isActive</fieldName>
        <isRecordId>false</isRecordId>
        <isUnique>false</isUnique>
        <isCustomField>false</isCustomField>
        <customFieldExpr/>
        <fieldCalculationType>NA</fieldCalculationType>
        <fieldTemplateType>NA</fieldTemplateType>
      </field>
      <field>
        <uuid>a4b6fc73-f4c4-4b51-a82c-11ac65a4a6b2</uuid>
        <type>{http://www.appian.com/ae/types/2009}Text</type>
        <sourceFieldName>CREATED_BY</sourceFieldName>
        <sourceFieldType>VARCHAR(255)</sourceFieldType>
        <fieldName>createdBy</fieldName>
        <isRecordId>false</isRecordId>
        <isUnique>false</isUnique>
        <isCustomField>false</isCustomField>
        <customFieldExpr/>
        <fieldCalculationType>NA</fieldCalculationType>
        <fieldTemplateType>NA</fieldTemplateType>
      </field>
      <field>
        <uuid>05d06280-4b3b-43d5-8870-1b3b5a308150</uuid>
        <type>{http://www.appian.com/ae/types/2009}Datetime</type>
        <sourceFieldName>CREATED_ON</sourceFieldName>
        <sourceFieldType>TIMESTAMP</sourceFieldType>
        <fieldName>createdOn</fieldName>
        <isRecordId>false</isRecordId>
        <isUnique>false</isUnique>
        <isCustomField>false</isCustomField>
        <customFieldExpr/>
        <fieldCalculationType>NA</fieldCalculationType>
        <fieldTemplateType>NA</fieldTemplateType>
      </field>
      <joinType>LEFT</joinType>
      <uuid>71bbb3fc-18fd-4dda-a82f-e5daae4146b9</uuid>
      <refreshSchedule>
        <frequency>DAILY</frequency>
        <value>{"hour":3,"minute":"00","amPM":"AM","timeZone":"US/Eastern","version":"v1"}</value>
        <activated>false</activated>
      </refreshSchedule>
      <skipFailureEnabled>true</skipFailureEnabled>
      <recordIdGeneratorUuid/>
    </a:sourceConfiguration>
    <a:enabledFeatures>127</a:enabledFeatures>
    <a:isVisibleInRecordTypeList>false</a:isVisibleInRecordTypeList>
    <a:recordActionLaunchType>DIALOG</a:recordActionLaunchType>
    <a:showSearchBox>true</a:showSearchBox>
  </recordType>
  <roleMap>
    <role name="record_type_administrator">
      <users/>
      <groups>
        <groupUuid>52806e66-6bb5-489b-acde-93f5ec1d8be6</groupUuid>
      </groups>
    </role>
    <role name="record_type_viewer">
      <users/>
      <groups>
        <groupUuid>4e0652d8-6db1-4689-827a-b10aec759c9b</groupUuid>
      </groups>
    </role>
  </roleMap>
  <history>
    <historyInfo versionUuid="c4962f11-e67d-400b-993c-3f372aa0e4a9"/>
  </history>
  <migrationVersion>1</migrationVersion>
</recordTypeHaul>
