<?xml version="1.0" encoding="UTF-8"?>
<recordTypeHaul xmlns:a="http://www.appian.com/ae/types/2009" xmlns:xsi="http://www.w3.org/2001/XMLSchema-instance">
  <versionUuid>69251d4e-48ae-4df4-8d73-ea431127477c</versionUuid>
  <recordType a:uuid="5a00925b-cd91-45fe-a215-406e0b012bd1" name="LR Log Reference">
    <a:pluralName>Log References</a:pluralName>
    <a:description>Reference table for available logs in the application</a:description>
    <a:urlStub>jgowBQ</a:urlStub>
    <a:source xsi:type="a:RecordsReplica"/>
    <a:listViewTemplateExpr>#"SYSTEM_SYSRULES_recordGridField"(
  columns: {
    #"SYSTEM_SYSRULES_gridColumn"(
      label: "Id",
      sortField: 'recordType!{5a00925b-cd91-45fe-a215-406e0b012bd1}LR Log Reference.fields.{b849f1c0-bd16-42e5-b88d-366ff004f47c}id',
      value: fv!row['recordType!{5a00925b-cd91-45fe-a215-406e0b012bd1}LR Log Reference.fields.{b849f1c0-bd16-42e5-b88d-366ff004f47c}id'],
      align: "END"
    ),
    #"SYSTEM_SYSRULES_gridColumn"(
      label: "Log Path",
      sortField: 'recordType!{5a00925b-cd91-45fe-a215-406e0b012bd1}LR Log Reference.fields.{cb4d68d0-3f9e-425c-861f-44d2b1549e82}logPath',
      value: #"SYSTEM_SYSRULES_linkField"(
        links: {
          #"SYSTEM_SYSRULES_recordLink"(
            label: fv!row['recordType!{5a00925b-cd91-45fe-a215-406e0b012bd1}LR Log Reference.fields.{cb4d68d0-3f9e-425c-861f-44d2b1549e82}logPath'],
            recordType: #"urn:appian:record-type:v1:5a00925b-cd91-45fe-a215-406e0b012bd1",
            identifier: fv!identifier
          )
        }
      )
    ),
    #"SYSTEM_SYSRULES_gridColumn"(
      label: "Is Csv",
      sortField: 'recordType!{5a00925b-cd91-45fe-a215-406e0b012bd1}LR Log Reference.fields.{596b6e5c-5d93-462a-b8a1-40e792aab92e}isCsv',
      value: fv!row['recordType!{5a00925b-cd91-45fe-a215-406e0b012bd1}LR Log Reference.fields.{596b6e5c-5d93-462a-b8a1-40e792aab92e}isCsv']
    ),
    #"SYSTEM_SYSRULES_gridColumn"(
      label: "Is Daily Log",
      sortField: 'recordType!{5a00925b-cd91-45fe-a215-406e0b012bd1}LR Log Reference.fields.{6df73e8d-ae5a-4d01-bb8a-4fb54ea45a63}isDailyLog',
      value: fv!row['recordType!{5a00925b-cd91-45fe-a215-406e0b012bd1}LR Log Reference.fields.{6df73e8d-ae5a-4d01-bb8a-4fb54ea45a63}isDailyLog']
    ),
    #"SYSTEM_SYSRULES_gridColumn"(
      label: "Is Active",
      sortField: 'recordType!{5a00925b-cd91-45fe-a215-406e0b012bd1}LR Log Reference.fields.{83be900b-50af-4f7d-8a59-23bb6a5e4c3e}isActive',
      value: fv!row['recordType!{5a00925b-cd91-45fe-a215-406e0b012bd1}LR Log Reference.fields.{83be900b-50af-4f7d-8a59-23bb6a5e4c3e}isActive']
    ),
    #"SYSTEM_SYSRULES_gridColumn"(
      label: "First Column Date Time",
      sortField: 'recordType!{5a00925b-cd91-45fe-a215-406e0b012bd1}LR Log Reference.fields.{562f40ea-995b-4b91-8b3c-2d4fefd1cbe6}firstColumnDateTime',
      value: fv!row['recordType!{5a00925b-cd91-45fe-a215-406e0b012bd1}LR Log Reference.fields.{562f40ea-995b-4b91-8b3c-2d4fefd1cbe6}firstColumnDateTime']
    ),
    #"SYSTEM_SYSRULES_gridColumn"(
      label: "Created On",
      sortField: 'recordType!{5a00925b-cd91-45fe-a215-406e0b012bd1}LR Log Reference.fields.{47f84b7a-ac57-4e14-8036-9c974bd2bf3f}createdOn',
      value: if(
      isnull(fv!row['recordType!{5a00925b-cd91-45fe-a215-406e0b012bd1}LR Log Reference.fields.{47f84b7a-ac57-4e14-8036-9c974bd2bf3f}createdOn']),
      fv!row['recordType!{5a00925b-cd91-45fe-a215-406e0b012bd1}LR Log Reference.fields.{47f84b7a-ac57-4e14-8036-9c974bd2bf3f}createdOn'],
      datetext(fv!row['recordType!{5a00925b-cd91-45fe-a215-406e0b012bd1}LR Log Reference.fields.{47f84b7a-ac57-4e14-8036-9c974bd2bf3f}createdOn'], "default")
      ),
      align: "END"
    ),
    #"SYSTEM_SYSRULES_gridColumn"(
      label: "Created By",
      sortField: 'recordType!{5a00925b-cd91-45fe-a215-406e0b012bd1}LR Log Reference.fields.{735c3f70-4441-438c-a82d-26f4821211a2}createdBy',
      value: fv!row['recordType!{5a00925b-cd91-45fe-a215-406e0b012bd1}LR Log Reference.fields.{735c3f70-4441-438c-a82d-26f4821211a2}createdBy']
    ),
    #"SYSTEM_SYSRULES_gridColumn"(
      label: "Modified On",
      sortField: 'recordType!{5a00925b-cd91-45fe-a215-406e0b012bd1}LR Log Reference.fields.{478d4890-180e-4c2f-9276-23de0a8aeefc}modifiedOn',
      value: if(
      isnull(fv!row['recordType!{5a00925b-cd91-45fe-a215-406e0b012bd1}LR Log Reference.fields.{478d4890-180e-4c2f-9276-23de0a8aeefc}modifiedOn']),
      fv!row['recordType!{5a00925b-cd91-45fe-a215-406e0b012bd1}LR Log Reference.fields.{478d4890-180e-4c2f-9276-23de0a8aeefc}modifiedOn'],
      datetext(fv!row['recordType!{5a00925b-cd91-45fe-a215-406e0b012bd1}LR Log Reference.fields.{478d4890-180e-4c2f-9276-23de0a8aeefc}modifiedOn'], "default")
      ),
      align: "END"
    ),
    #"SYSTEM_SYSRULES_gridColumn"(
      label: "Modified By",
      sortField: 'recordType!{5a00925b-cd91-45fe-a215-406e0b012bd1}LR Log Reference.fields.{5fd5242e-0a1a-4577-8101-9d8a0c49cea0}modifiedBy',
      value: fv!row['recordType!{5a00925b-cd91-45fe-a215-406e0b012bd1}LR Log Reference.fields.{5fd5242e-0a1a-4577-8101-9d8a0c49cea0}modifiedBy']
    )
  },
  pageSize: 50,
  shadeAlternateRows: true
)</a:listViewTemplateExpr>
    <a:detailViewCfg>
      <a:nameExpr>#"SYSTEM_SYSRULES_rtd_getDefaultSummaryViewName"()</a:nameExpr>
      <a:uiExpr/>
      <a:visibilityExpr>=true()</a:visibilityExpr>
      <a:urlStub>summary</a:urlStub>
      <a:headerExpr/>
      <a:recordActionLaunchType>DIALOG</a:recordActionLaunchType>
      <a:recordUiSecurityType>EXPRESSION</a:recordUiSecurityType>
    </a:detailViewCfg>
    <a:isSystem>false</a:isSystem>
    <a:dataSrcExpr/>
    <a:facetsListExpr/>
    <a:titleExpr>rv!record[#"urn:appian:record-field:v1:5a00925b-cd91-45fe-a215-406e0b012bd1/cb4d68d0-3f9e-425c-861f-44d2b1549e82"]</a:titleExpr>
    <a:defaultFiltersExpr/>
    <a:layoutType>GRID</a:layoutType>
    <a:security>16383</a:security>
    <a:hideLatestNews>false</a:hideLatestNews>
    <a:hideNewsView>false</a:hideNewsView>
    <a:hideRelatedActionsView>false</a:hideRelatedActionsView>
    <a:isExportable>true</a:isExportable>
    <a:listViewSrcExpr/>
    <a:recordViewSrcExpr/>
    <a:recordRelationshipCfg>
      <uuid>180888ba-8ae7-4d1f-8a80-4eef76b44992</uuid>
      <relationshipName>lrGroupLogVisibilityMap</relationshipName>
      <targetRecordTypeUuid>7d95f565-bce2-43c2-aae9-cbe5349ab96a</targetRecordTypeUuid>
      <relationshipType>ONE_TO_MANY</relationshipType>
      <relationshipData>{"sourceRecordTypeFieldUuid":"b849f1c0-bd16-42e5-b88d-366ff004f47c","targetRecordTypeFieldUuid":"5aa469ff-be0b-422a-90be-29e1a697a312","relationshipOperator":"1","joinTableSourceField":"","joinTableTargetField":""}</relationshipData>
      <updateBehavior>CASCADING</updateBehavior>
    </a:recordRelationshipCfg>
    <a:recordRelationshipCfg>
      <uuid>f41a1b5f-7275-4118-a972-a2d9af885819</uuid>
      <relationshipName>lrLogDocument</relationshipName>
      <targetRecordTypeUuid>1776d112-c041-49a2-94bd-0b61fb2465da</targetRecordTypeUuid>
      <relationshipType>ONE_TO_MANY</relationshipType>
      <relationshipData>{"sourceRecordTypeFieldUuid":"b849f1c0-bd16-42e5-b88d-366ff004f47c","targetRecordTypeFieldUuid":"99154b72-20b9-470b-9dc6-7c88b71b7082","relationshipOperator":"1","joinTableSourceField":"","joinTableTargetField":""}</relationshipData>
      <updateBehavior>CASCADING</updateBehavior>
    </a:recordRelationshipCfg>
    <a:recordRowLevelSecurityCfg>
      <uuid>60071590-ff6a-482a-b6a4-eee0dde622d9</uuid>
      <membershipFilter>{"type":"FIELDS","config":{"fields":[{"type":"GROUP","uuid":"f827667e-1a74-4b9e-9477-4268a8becced","relationshipPath":["180888ba-8ae7-4d1f-8a80-4eef76b44992"]}],"#t":"RecordRowLevelSecurityMembershipFields"},"#t":"RecordRowLevelSecurityMembershipFilter"}</membershipFilter>
      <dataFilter>{"type":"ALLOW_ALL","config":{"#v":[],"#t":"Variant?list"},"#t":"RecordRowLevelSecurityDataFilter"}</dataFilter>
      <orderIdx>0</orderIdx>
      <isActive>true</isActive>
    </a:recordRowLevelSecurityCfg>
    <a:recordRowLevelSecurityCfg>
      <uuid>b70aae0d-25bc-4bf8-a379-1ed14515b82f</uuid>
      <membershipFilter>{"type":"GROUPS","config":{"uuids":["52806e66-6bb5-489b-acde-93f5ec1d8be6"],"#t":"RecordRowLevelSecurityMembershipGroups"},"#t":"RecordRowLevelSecurityMembershipFilter"}</membershipFilter>
      <dataFilter>{"type":"ALLOW_ALL","config":{"#v":[],"#t":"Variant?list"},"#t":"RecordRowLevelSecurityDataFilter"}</dataFilter>
      <orderIdx>1</orderIdx>
      <isActive>true</isActive>
    </a:recordRowLevelSecurityCfg>
    <a:recordTypeSearchCfg>
      <searchFieldsSrc>DEFAULT</searchFieldsSrc>
      <placeholderSrc>DEFAULT</placeholderSrc>
      <placeholder/>
    </a:recordTypeSearchCfg>
    <a:iconId/>
    <a:listAutoRefreshInterval>0.0</a:listAutoRefreshInterval>
    <a:sourceConfiguration>
      <sourceUuid>LR_LOG_REFERENCE@jdbc/Appian</sourceUuid>
      <sourceType>RDBMS_TABLE</sourceType>
      <friendlyName>LR_LOG_REFERENCE</friendlyName>
      <sourceFilterExpr>#"SYSTEM_SYSRULES_queryLogicalExpression"(
  operator: "AND",
  filters: {
    #"SYSTEM_SYSRULES_queryFilter"(
      field: "IS_ACTIVE",
      operator: "=",
      value: true
    )
  },
  ignoreFiltersWithEmptyValues: true
)</sourceFilterExpr>
      <field>
        <uuid>b849f1c0-bd16-42e5-b88d-366ff004f47c</uuid>
        <type>{http://www.appian.com/ae/types/2009}Integer</type>
        <sourceFieldName>ID</sourceFieldName>
        <sourceFieldType>INTEGER</sourceFieldType>
        <fieldName>id</fieldName>
        <isRecordId>true</isRecordId>
        <isUnique>true</isUnique>
        <isCustomField>false</isCustomField>
        <customFieldExpr/>
        <fieldCalculationType>NA</fieldCalculationType>
        <fieldTemplateType>NA</fieldTemplateType>
      </field>
      <field>
        <uuid>cb4d68d0-3f9e-425c-861f-44d2b1549e82</uuid>
        <type>{http://www.appian.com/ae/types/2009}Text</type>
        <sourceFieldName>LOG_PATH</sourceFieldName>
        <sourceFieldType>VARCHAR(255)</sourceFieldType>
        <fieldName>logPath</fieldName>
        <isRecordId>false</isRecordId>
        <isUnique>false</isUnique>
        <isCustomField>false</isCustomField>
        <customFieldExpr/>
        <fieldCalculationType>NA</fieldCalculationType>
        <fieldTemplateType>NA</fieldTemplateType>
      </field>
      <field>
        <uuid>596b6e5c-5d93-462a-b8a1-40e792aab92e</uuid>
        <type>{http://www.appian.com/ae/types/2009}Boolean</type>
        <sourceFieldName>IS_CSV</sourceFieldName>
        <sourceFieldType>BIT</sourceFieldType>
        <fieldName>isCsv</fieldName>
        <isRecordId>false</isRecordId>
        <isUnique>false</isUnique>
        <isCustomField>false</isCustomField>
        <customFieldExpr/>
        <fieldCalculationType>NA</fieldCalculationType>
        <fieldTemplateType>NA</fieldTemplateType>
      </field>
      <field>
        <uuid>6df73e8d-ae5a-4d01-bb8a-4fb54ea45a63</uuid>
        <type>{http://www.appian.com/ae/types/2009}Boolean</type>
        <sourceFieldName>IS_DAILY_LOG</sourceFieldName>
        <sourceFieldType>BIT</sourceFieldType>
        <fieldName>isDailyLog</fieldName>
        <isRecordId>false</isRecordId>
        <isUnique>false</isUnique>
        <isCustomField>false</isCustomField>
        <customFieldExpr/>
        <fieldCalculationType>NA</fieldCalculationType>
        <fieldTemplateType>NA</fieldTemplateType>
      </field>
      <field>
        <uuid>83be900b-50af-4f7d-8a59-23bb6a5e4c3e</uuid>
        <type>{http://www.appian.com/ae/types/2009}Boolean</type>
        <sourceFieldName>IS_ACTIVE</sourceFieldName>
        <sourceFieldType>BIT</sourceFieldType>
        <fieldName>isActive</fieldName>
        <isRecordId>false</isRecordId>
        <isUnique>false</isUnique>
        <isCustomField>false</isCustomField>
        <customFieldExpr/>
        <fieldCalculationType>NA</fieldCalculationType>
        <fieldTemplateType>NA</fieldTemplateType>
      </field>
      <field>
        <uuid>562f40ea-995b-4b91-8b3c-2d4fefd1cbe6</uuid>
        <type>{http://www.appian.com/ae/types/2009}Boolean</type>
        <sourceFieldName>FIRST_COLUMN_DATE_TIME</sourceFieldName>
        <sourceFieldType>BIT</sourceFieldType>
        <fieldName>firstColumnDateTime</fieldName>
        <isRecordId>false</isRecordId>
        <isUnique>false</isUnique>
        <isCustomField>false</isCustomField>
        <customFieldExpr/>
        <fieldCalculationType>NA</fieldCalculationType>
        <fieldTemplateType>NA</fieldTemplateType>
      </field>
      <field>
        <uuid>47f84b7a-ac57-4e14-8036-9c974bd2bf3f</uuid>
        <type>{http://www.appian.com/ae/types/2009}Datetime</type>
        <sourceFieldName>CREATED_ON</sourceFieldName>
        <sourceFieldType>TIMESTAMP</sourceFieldType>
        <fieldName>createdOn</fieldName>
        <isRecordId>false</isRecordId>
        <isUnique>false</isUnique>
        <isCustomField>false</isCustomField>
        <customFieldExpr/>
        <fieldCalculationType>NA</fieldCalculationType>
        <fieldTemplateType>NA</fieldTemplateType>
      </field>
      <field>
        <uuid>735c3f70-4441-438c-a82d-26f4821211a2</uuid>
        <type>{http://www.appian.com/ae/types/2009}Text</type>
        <sourceFieldName>CREATED_BY</sourceFieldName>
        <sourceFieldType>VARCHAR(255)</sourceFieldType>
        <fieldName>createdBy</fieldName>
        <isRecordId>false</isRecordId>
        <isUnique>false</isUnique>
        <isCustomField>false</isCustomField>
        <customFieldExpr/>
        <fieldCalculationType>NA</fieldCalculationType>
        <fieldTemplateType>NA</fieldTemplateType>
      </field>
      <field>
        <uuid>478d4890-180e-4c2f-9276-23de0a8aeefc</uuid>
        <type>{http://www.appian.com/ae/types/2009}Datetime</type>
        <sourceFieldName>MODIFIED_ON</sourceFieldName>
        <sourceFieldType>TIMESTAMP</sourceFieldType>
        <fieldName>modifiedOn</fieldName>
        <isRecordId>false</isRecordId>
        <isUnique>false</isUnique>
        <isCustomField>false</isCustomField>
        <customFieldExpr/>
        <fieldCalculationType>NA</fieldCalculationType>
        <fieldTemplateType>NA</fieldTemplateType>
      </field>
      <field>
        <uuid>5fd5242e-0a1a-4577-8101-9d8a0c49cea0</uuid>
        <type>{http://www.appian.com/ae/types/2009}Text</type>
        <sourceFieldName>MODIFIED_BY</sourceFieldName>
        <sourceFieldType>VARCHAR(255)</sourceFieldType>
        <fieldName>modifiedBy</fieldName>
        <isRecordId>false</isRecordId>
        <isUnique>false</isUnique>
        <isCustomField>false</isCustomField>
        <customFieldExpr/>
        <fieldCalculationType>NA</fieldCalculationType>
        <fieldTemplateType>NA</fieldTemplateType>
      </field>
      <joinType>LEFT</joinType>
      <uuid>f040d6bd-fd86-499d-883f-f6a94313efbe</uuid>
      <refreshSchedule>
        <frequency>DAILY</frequency>
        <value>{"hour":3,"minute":"00","amPM":"AM","timeZone":"US/Eastern","version":"v1"}</value>
        <activated>false</activated>
      </refreshSchedule>
      <skipFailureEnabled>true</skipFailureEnabled>
      <recordIdGeneratorUuid/>
    </a:sourceConfiguration>
    <a:enabledFeatures>127</a:enabledFeatures>
    <a:isVisibleInRecordTypeList>false</a:isVisibleInRecordTypeList>
    <a:recordActionLaunchType>DIALOG</a:recordActionLaunchType>
    <a:showSearchBox>true</a:showSearchBox>
  </recordType>
  <roleMap>
    <role name="record_type_administrator">
      <users/>
      <groups>
        <groupUuid>52806e66-6bb5-489b-acde-93f5ec1d8be6</groupUuid>
      </groups>
    </role>
    <role name="record_type_viewer">
      <users/>
      <groups>
        <groupUuid>4e0652d8-6db1-4689-827a-b10aec759c9b</groupUuid>
      </groups>
    </role>
  </roleMap>
  <history>
    <historyInfo versionUuid="69251d4e-48ae-4df4-8d73-ea431127477c"/>
  </history>
  <migrationVersion>1</migrationVersion>
</recordTypeHaul>
