<?xml version="1.0" encoding="UTF-8"?>
<recordTypeHaul xmlns:a="http://www.appian.com/ae/types/2009" xmlns:xsi="http://www.w3.org/2001/XMLSchema-instance">
  <versionUuid>bf606776-cf08-49fe-b1cf-068b25f027fe</versionUuid>
  <recordType a:uuid="7d95f565-bce2-43c2-aae9-cbe5349ab96a" name="LR Group Log Visibility Map">
    <a:pluralName>Group Log Visibility Maps</a:pluralName>
    <a:description>Maps logs to viewer groups</a:description>
    <a:urlStub>9Mjg0A</a:urlStub>
    <a:source xsi:type="a:RecordsReplica"/>
    <a:listViewTemplateExpr>#"SYSTEM_SYSRULES_recordGridField"(
  columns: {
    #"SYSTEM_SYSRULES_gridColumn"(
      label: "Id",
      sortField: 'recordType!{7d95f565-bce2-43c2-aae9-cbe5349ab96a}LR Group Log Visibility Map.fields.{cec5d14b-bfdd-4afa-94ad-c3ec9bee941b}id',
      value: fv!row['recordType!{7d95f565-bce2-43c2-aae9-cbe5349ab96a}LR Group Log Visibility Map.fields.{cec5d14b-bfdd-4afa-94ad-c3ec9bee941b}id'],
      align: "END"
    ),
    #"SYSTEM_SYSRULES_gridColumn"(
      label: "Log Path Id",
      sortField: 'recordType!{7d95f565-bce2-43c2-aae9-cbe5349ab96a}LR Group Log Visibility Map.fields.{5aa469ff-be0b-422a-90be-29e1a697a312}logPathId',
      value: #"SYSTEM_SYSRULES_linkField"(
        links: {
          #"SYSTEM_SYSRULES_recordLink"(
            label: fv!row['recordType!{7d95f565-bce2-43c2-aae9-cbe5349ab96a}LR Group Log Visibility Map.fields.{5aa469ff-be0b-422a-90be-29e1a697a312}logPathId'],
            recordType: #"urn:appian:record-type:v1:7d95f565-bce2-43c2-aae9-cbe5349ab96a",
            identifier: fv!identifier
          )
        }
      ),
      align: "END"
    ),
    #"SYSTEM_SYSRULES_gridColumn"(
      label: "Group Id",
      sortField: 'recordType!{7d95f565-bce2-43c2-aae9-cbe5349ab96a}LR Group Log Visibility Map.fields.{f827667e-1a74-4b9e-9477-4268a8becced}groupId',
      value: fv!row['recordType!{7d95f565-bce2-43c2-aae9-cbe5349ab96a}LR Group Log Visibility Map.fields.{f827667e-1a74-4b9e-9477-4268a8becced}groupId'],
      align: "END"
    ),
    #"SYSTEM_SYSRULES_gridColumn"(
      label: "Created By",
      sortField: 'recordType!{7d95f565-bce2-43c2-aae9-cbe5349ab96a}LR Group Log Visibility Map.fields.{317200a7-a403-4f85-9d36-c3ed63044ce6}createdBy',
      value: fv!row['recordType!{7d95f565-bce2-43c2-aae9-cbe5349ab96a}LR Group Log Visibility Map.fields.{317200a7-a403-4f85-9d36-c3ed63044ce6}createdBy']
    ),
    #"SYSTEM_SYSRULES_gridColumn"(
      label: "Created On",
      sortField: 'recordType!{7d95f565-bce2-43c2-aae9-cbe5349ab96a}LR Group Log Visibility Map.fields.{6f15329b-17a4-4636-9466-275fa368380b}createdOn',
      value: if(
      isnull(fv!row['recordType!{7d95f565-bce2-43c2-aae9-cbe5349ab96a}LR Group Log Visibility Map.fields.{6f15329b-17a4-4636-9466-275fa368380b}createdOn']),
      fv!row['recordType!{7d95f565-bce2-43c2-aae9-cbe5349ab96a}LR Group Log Visibility Map.fields.{6f15329b-17a4-4636-9466-275fa368380b}createdOn'],
      datetext(fv!row['recordType!{7d95f565-bce2-43c2-aae9-cbe5349ab96a}LR Group Log Visibility Map.fields.{6f15329b-17a4-4636-9466-275fa368380b}createdOn'], "default")
      ),
      align: "END"
    ),
    #"SYSTEM_SYSRULES_gridColumn"(
      label: "Is Active",
      sortField: 'recordType!{7d95f565-bce2-43c2-aae9-cbe5349ab96a}LR Group Log Visibility Map.fields.{ffdc6c85-5d87-45ba-b60b-ed450f0577bc}isActive',
      value: fv!row['recordType!{7d95f565-bce2-43c2-aae9-cbe5349ab96a}LR Group Log Visibility Map.fields.{ffdc6c85-5d87-45ba-b60b-ed450f0577bc}isActive']
    )
  },
  pageSize: 50,
  shadeAlternateRows: true
)</a:listViewTemplateExpr>
    <a:detailViewCfg>
      <a:nameExpr>#"SYSTEM_SYSRULES_rtd_getDefaultSummaryViewName"()</a:nameExpr>
      <a:uiExpr/>
      <a:visibilityExpr>=true()</a:visibilityExpr>
      <a:urlStub>summary</a:urlStub>
      <a:headerExpr/>
      <a:recordActionLaunchType>DIALOG</a:recordActionLaunchType>
      <a:recordUiSecurityType>EXPRESSION</a:recordUiSecurityType>
    </a:detailViewCfg>
    <a:isSystem>false</a:isSystem>
    <a:dataSrcExpr/>
    <a:facetsListExpr/>
    <a:titleExpr>rv!record[#"urn:appian:record-field:v1:7d95f565-bce2-43c2-aae9-cbe5349ab96a/317200a7-a403-4f85-9d36-c3ed63044ce6"]</a:titleExpr>
    <a:defaultFiltersExpr/>
    <a:layoutType>GRID</a:layoutType>
    <a:security>16383</a:security>
    <a:hideLatestNews>false</a:hideLatestNews>
    <a:hideNewsView>false</a:hideNewsView>
    <a:hideRelatedActionsView>false</a:hideRelatedActionsView>
    <a:isExportable>true</a:isExportable>
    <a:listViewSrcExpr/>
    <a:recordViewSrcExpr/>
    <a:recordTypeSearchCfg>
      <searchFieldsSrc>DEFAULT</searchFieldsSrc>
      <placeholderSrc>DEFAULT</placeholderSrc>
      <placeholder/>
    </a:recordTypeSearchCfg>
    <a:iconId/>
    <a:listAutoRefreshInterval>0.0</a:listAutoRefreshInterval>
    <a:sourceConfiguration>
      <sourceUuid>LR_GROUP_LOG_VISIBILITY_MAP@jdbc/Appian</sourceUuid>
      <sourceType>RDBMS_TABLE</sourceType>
      <friendlyName>LR_GROUP_LOG_VISIBILITY_MAP</friendlyName>
      <sourceFilterExpr>#"SYSTEM_SYSRULES_queryLogicalExpression"(
  operator: "AND",
  filters: {
    #"SYSTEM_SYSRULES_queryFilter"(
      field: "IS_ACTIVE",
      operator: "=",
      value: true
    )
  },
  ignoreFiltersWithEmptyValues: true
)</sourceFilterExpr>
      <field>
        <uuid>cec5d14b-bfdd-4afa-94ad-c3ec9bee941b</uuid>
        <type>{http://www.appian.com/ae/types/2009}Integer</type>
        <sourceFieldName>ID</sourceFieldName>
        <sourceFieldType>INTEGER</sourceFieldType>
        <fieldName>id</fieldName>
        <isRecordId>true</isRecordId>
        <isUnique>true</isUnique>
        <isCustomField>false</isCustomField>
        <customFieldExpr/>
        <customFieldDefaultValueStr>null</customFieldDefaultValueStr>
        <fieldCalculationType>NA</fieldCalculationType>
        <fieldTemplateType>NA</fieldTemplateType>
      </field>
      <field>
        <uuid>5aa469ff-be0b-422a-90be-29e1a697a312</uuid>
        <type>{http://www.appian.com/ae/types/2009}Integer</type>
        <sourceFieldName>LOG_PATH_ID</sourceFieldName>
        <sourceFieldType>INTEGER</sourceFieldType>
        <fieldName>logPathId</fieldName>
        <isRecordId>false</isRecordId>
        <isUnique>false</isUnique>
        <isCustomField>false</isCustomField>
        <customFieldExpr/>
        <customFieldDefaultValueStr>null</customFieldDefaultValueStr>
        <fieldCalculationType>NA</fieldCalculationType>
        <fieldTemplateType>NA</fieldTemplateType>
      </field>
      <field>
        <uuid>f827667e-1a74-4b9e-9477-4268a8becced</uuid>
        <type>{http://www.appian.com/ae/types/2009}Group</type>
        <sourceFieldName>GROUP_ID</sourceFieldName>
        <sourceFieldType>INTEGER</sourceFieldType>
        <fieldName>groupId</fieldName>
        <isRecordId>false</isRecordId>
        <isUnique>false</isUnique>
        <isCustomField>false</isCustomField>
        <customFieldExpr/>
        <customFieldDefaultValueStr>null</customFieldDefaultValueStr>
        <fieldCalculationType>NA</fieldCalculationType>
        <fieldTemplateType>NA</fieldTemplateType>
      </field>
      <field>
        <uuid>317200a7-a403-4f85-9d36-c3ed63044ce6</uuid>
        <type>{http://www.appian.com/ae/types/2009}Text</type>
        <sourceFieldName>CREATED_BY</sourceFieldName>
        <sourceFieldType>VARCHAR(255)</sourceFieldType>
        <fieldName>createdBy</fieldName>
        <isRecordId>false</isRecordId>
        <isUnique>false</isUnique>
        <isCustomField>false</isCustomField>
        <customFieldExpr/>
        <customFieldDefaultValueStr>null</customFieldDefaultValueStr>
        <fieldCalculationType>NA</fieldCalculationType>
        <fieldTemplateType>NA</fieldTemplateType>
      </field>
      <field>
        <uuid>6f15329b-17a4-4636-9466-275fa368380b</uuid>
        <type>{http://www.appian.com/ae/types/2009}Datetime</type>
        <sourceFieldName>CREATED_ON</sourceFieldName>
        <sourceFieldType>TIMESTAMP</sourceFieldType>
        <fieldName>createdOn</fieldName>
        <isRecordId>false</isRecordId>
        <isUnique>false</isUnique>
        <isCustomField>false</isCustomField>
        <customFieldExpr/>
        <customFieldDefaultValueStr>null</customFieldDefaultValueStr>
        <fieldCalculationType>NA</fieldCalculationType>
        <fieldTemplateType>NA</fieldTemplateType>
      </field>
      <field>
        <uuid>ffdc6c85-5d87-45ba-b60b-ed450f0577bc</uuid>
        <type>{http://www.appian.com/ae/types/2009}Boolean</type>
        <sourceFieldName>IS_ACTIVE</sourceFieldName>
        <sourceFieldType>BIT</sourceFieldType>
        <fieldName>isActive</fieldName>
        <isRecordId>false</isRecordId>
        <isUnique>false</isUnique>
        <isCustomField>false</isCustomField>
        <customFieldExpr/>
        <customFieldDefaultValueStr>null</customFieldDefaultValueStr>
        <fieldCalculationType>NA</fieldCalculationType>
        <fieldTemplateType>NA</fieldTemplateType>
      </field>
      <joinType>LEFT</joinType>
      <uuid>3e1f70cc-1fcf-41bd-9343-d39066ee595c</uuid>
      <refreshSchedule>
        <frequency>DAILY</frequency>
        <value>{"hour":3,"minute":"00","amPM":"AM","timeZone":"US/Eastern","version":"v1"}</value>
        <activated>false</activated>
      </refreshSchedule>
      <skipFailureEnabled>true</skipFailureEnabled>
      <recordIdGeneratorUuid/>
    </a:sourceConfiguration>
    <a:enabledFeatures>127</a:enabledFeatures>
    <a:isVisibleInRecordTypeList>false</a:isVisibleInRecordTypeList>
    <a:recordActionLaunchType>DIALOG</a:recordActionLaunchType>
    <a:showSearchBox>true</a:showSearchBox>
  </recordType>
  <roleMap>
    <role name="record_type_administrator">
      <users/>
      <groups>
        <groupUuid>52806e66-6bb5-489b-acde-93f5ec1d8be6</groupUuid>
      </groups>
    </role>
    <role name="record_type_viewer">
      <users/>
      <groups>
        <groupUuid>4e0652d8-6db1-4689-827a-b10aec759c9b</groupUuid>
      </groups>
    </role>
  </roleMap>
  <history>
    <historyInfo versionUuid="bf606776-cf08-49fe-b1cf-068b25f027fe"/>
  </history>
  <migrationVersion>1</migrationVersion>
</recordTypeHaul>
