<?xml version="1.0" encoding="UTF-8" standalone="yes"?>
<applicationHaul xmlns:a="http://www.appian.com/ae/types/2009">
    <versionUuid>_a-0000eb1a-3b29-8000-9c1f-011c48011c48_3126795</versionUuid>
    <application>
        <name>Log Reader</name>
        <uuid>04b92d86-4edc-46b7-bbd8-08100d7c4334</uuid>
        <description>Application for reading and downloading logs from AGC</description>
        <parentUuid>SYSTEM_APPLICATIONS_ROOT</parentUuid>
        <visibility>
            <advertise>false</advertise>
            <hierarchy>true</hierarchy>
            <indexable>true</indexable>
            <quota>false</quota>
            <searchable>true</searchable>
            <system>false</system>
            <unlogged>false</unlogged>
        </visibility>
        <urlIdentifier>yax_1A</urlIdentifier>
        <published>false</published>
        <public>false</public>
        <prefix>LR</prefix>
        <associatedObjects>
            <globalIdMap>
                <item>
                    <type>datatype</type>
                    <uuids/>
                </item>
                <item>
                    <type>dataStore</type>
                    <uuids/>
                </item>
                <item>
                    <type>user</type>
                    <uuids/>
                </item>
                <item>
                    <type>groupType</type>
                    <uuids/>
                </item>
                <item>
                    <type>group</type>
                    <uuids>
                        <uuid>52806e66-6bb5-489b-acde-93f5ec1d8be6</uuid>
                        <uuid>4e0652d8-6db1-4689-827a-b10aec759c9b</uuid>
                    </uuids>
                </item>
                <item>
                    <type>content</type>
                    <uuids>
                        <uuid>b0bd8a1a-7a85-4870-bb6a-ceda968f644f</uuid>
                        <uuid>2b67896c-c40c-4877-a88e-e14d0740d2fd</uuid>
                        <uuid>df8770df-6bb8-4e66-a77e-4b7e2def459f</uuid>
                        <uuid>afa7c3da-fab1-49f3-ac46-40c45ee44d10</uuid>
                        <uuid>_a-0000eb1a-3b29-8000-9c1f-011c48011c48_3111852</uuid>
                        <uuid>_a-0000eb1a-3b29-8000-9c1f-011c48011c48_3111888</uuid>
                        <uuid>_a-0000eb1a-3b29-8000-9c1f-011c48011c48_3111908</uuid>
                        <uuid>_a-0000eb1a-3b29-8000-9c1f-011c48011c48_3112621</uuid>
                        <uuid>_a-0000eb1a-3b29-8000-9c1f-011c48011c48_3112634</uuid>
                        <uuid>_a-0000eb1a-3b29-8000-9c1f-011c48011c48_3113086</uuid>
                        <uuid>_a-0000eb1a-3b29-8000-9c1f-011c48011c48_3113205</uuid>
                        <uuid>_a-0000eb1a-3b29-8000-9c1f-011c48011c48_3113413</uuid>
                        <uuid>_a-0000eb1a-3b29-8000-9c1f-011c48011c48_3113419</uuid>
                        <uuid>_a-0000eb1a-3b29-8000-9c1f-011c48011c48_3113521</uuid>
                        <uuid>_a-0000eb1a-3b29-8000-9c1f-011c48011c48_3113713</uuid>
                        <uuid>_a-0000eb1a-3b29-8000-9c1f-011c48011c48_3114147</uuid>
                        <uuid>_a-0000eb1a-3b29-8000-9c1f-011c48011c48_3114153</uuid>
                        <uuid>_a-0000eb1a-3b29-8000-9c1f-011c48011c48_3117569</uuid>
                        <uuid>_a-0000eb1a-3b29-8000-9c1f-011c48011c48_3117575</uuid>
                        <uuid>_a-0000eb1a-3b29-8000-9c1f-011c48011c48_3117581</uuid>
                        <uuid>_a-0000eb1a-3b29-8000-9c1f-011c48011c48_3117587</uuid>
                        <uuid>_a-0000eb1a-3b29-8000-9c1f-011c48011c48_3117593</uuid>
                        <uuid>_a-0000eb1a-3b29-8000-9c1f-011c48011c48_3117599</uuid>
                        <uuid>_a-0000eb1a-3b29-8000-9c1f-011c48011c48_3117605</uuid>
                        <uuid>_a-0000eb1a-3b29-8000-9c1f-011c48011c48_3117635</uuid>
                        <uuid>_a-0000eb1a-3b29-8000-9c1f-011c48011c48_3117647</uuid>
                        <uuid>_a-0000eb1a-3b29-8000-9c1f-011c48011c48_3117664</uuid>
                        <uuid>_a-0000eb1a-3b29-8000-9c1f-011c48011c48_3117671</uuid>
                        <uuid>_a-0000eb1a-3b29-8000-9c1f-011c48011c48_3118296</uuid>
                        <uuid>_a-0000eb1a-3b29-8000-9c1f-011c48011c48_3118308</uuid>
                        <uuid>_a-0000eb1a-3b29-8000-9c1f-011c48011c48_3118328</uuid>
                        <uuid>_a-0000eb1a-3b29-8000-9c1f-011c48011c48_3121644</uuid>
                        <uuid>_a-0000eb1a-3b29-8000-9c1f-011c48011c48_3122065</uuid>
                        <uuid>_a-0000eb1a-3b29-8000-9c1f-011c48011c48_3122075</uuid>
                        <uuid>_a-0000eb1a-3b29-8000-9c1f-011c48011c48_3122082</uuid>
                        <uuid>_a-0000eb1a-3b29-8000-9c1f-011c48011c48_3124652</uuid>
                        <uuid>_a-0000eb1a-3b29-8000-9c1f-011c48011c48_3124773</uuid>
                        <uuid>_a-0000eb1a-3b29-8000-9c1f-011c48011c48_3126062</uuid>
                        <uuid>_a-0000eb1a-3b29-8000-9c1f-011c48011c48_3126727</uuid>
                        <uuid>_a-0000eb1a-3b29-8000-9c1f-011c48011c48_3126790</uuid>
                    </uuids>
                </item>
                <item>
                    <type>forum</type>
                    <uuids/>
                </item>
                <item>
                    <type>processModelFolder</type>
                    <uuids>
                        <uuid>a252dbec-2149-4b3a-b3f0-a72fbe6a88e9</uuid>
                    </uuids>
                </item>
                <item>
                    <type>processModel</type>
                    <uuids>
                        <uuid>0002eb2d-657a-8000-797b-7f0000014e7a</uuid>
                        <uuid>0002eb2d-686d-8000-7982-7f0000014e7a</uuid>
                        <uuid>0002eb2d-6b57-8000-7987-7f0000014e7a</uuid>
                        <uuid>0002eb2d-6d3f-8000-7993-7f0000014e7a</uuid>
                        <uuid>0002eb2e-af36-8000-79e9-7f0000014e7a</uuid>
                    </uuids>
                </item>
                <item>
                    <type>portlet</type>
                    <uuids/>
                </item>
                <item>
                    <type>page</type>
                    <uuids/>
                </item>
                <item>
                    <type>application</type>
                    <uuids/>
                </item>
                <item>
                    <type>tempoFeed</type>
                    <uuids/>
                </item>
                <item>
                    <type>recordType</type>
                    <uuids>
                        <uuid>5a00925b-cd91-45fe-a215-406e0b012bd1</uuid>
                        <uuid>1776d112-c041-49a2-94bd-0b61fb2465da</uuid>
                        <uuid>7d95f565-bce2-43c2-aae9-cbe5349ab96a</uuid>
                    </uuids>
                </item>
                <item>
                    <type>recordField</type>
                    <uuids/>
                </item>
                <item>
                    <type>recordRelationship</type>
                    <uuids/>
                </item>
                <item>
                    <type>tempoReport</type>
                    <uuids/>
                </item>
                <item>
                    <type>taskReport</type>
                    <uuids/>
                </item>
                <item>
                    <type>webApi</type>
                    <uuids/>
                </item>
                <item>
                    <type>site</type>
                    <uuids>
                        <uuid>76d76134-5378-4273-b2b0-dca22755a003</uuid>
                    </uuids>
                </item>
                <item>
                    <type>adminSetting</type>
                    <uuids/>
                </item>
                <item>
                    <type>thirdPartyCredentials</type>
                    <uuids/>
                </item>
                <item>
                    <type>dataSource</type>
                    <uuids/>
                </item>
                <item>
                    <type>embeddedSailTheme</type>
                    <uuids/>
                </item>
                <item>
                    <type>connectedSystem</type>
                    <uuids/>
                </item>
                <item>
                    <type>pluginInfo</type>
                    <uuids/>
                </item>
                <item>
                    <type>featureFlag</type>
                    <uuids/>
                </item>
                <item>
                    <type>designObjectReferenceImplementation</type>
                    <uuids/>
                </item>
                <item>
                    <type>aiSkill</type>
                    <uuids/>
                </item>
                <item>
                    <type>roboticTaskDesignObject</type>
                    <uuids/>
                </item>
                <item>
                    <type>robotPoolDesignObject</type>
                    <uuids/>
                </item>
                <item>
                    <type>portal</type>
                    <uuids/>
                </item>
                <item>
                    <type>translationSet</type>
                    <uuids/>
                </item>
            </globalIdMap>
        </associatedObjects>
        <applicationNavigation/>
        <applicationActions/>
        <associatedApplications>
            <globalIdMap>
                <item>
                    <type>datatype</type>
                    <uuids/>
                </item>
                <item>
                    <type>dataStore</type>
                    <uuids/>
                </item>
                <item>
                    <type>user</type>
                    <uuids/>
                </item>
                <item>
                    <type>groupType</type>
                    <uuids/>
                </item>
                <item>
                    <type>group</type>
                    <uuids/>
                </item>
                <item>
                    <type>content</type>
                    <uuids/>
                </item>
                <item>
                    <type>forum</type>
                    <uuids/>
                </item>
                <item>
                    <type>processModelFolder</type>
                    <uuids/>
                </item>
                <item>
                    <type>processModel</type>
                    <uuids/>
                </item>
                <item>
                    <type>portlet</type>
                    <uuids/>
                </item>
                <item>
                    <type>page</type>
                    <uuids/>
                </item>
                <item>
                    <type>application</type>
                    <uuids/>
                </item>
                <item>
                    <type>tempoFeed</type>
                    <uuids/>
                </item>
                <item>
                    <type>recordType</type>
                    <uuids/>
                </item>
                <item>
                    <type>recordField</type>
                    <uuids/>
                </item>
                <item>
                    <type>recordRelationship</type>
                    <uuids/>
                </item>
                <item>
                    <type>tempoReport</type>
                    <uuids/>
                </item>
                <item>
                    <type>taskReport</type>
                    <uuids/>
                </item>
                <item>
                    <type>webApi</type>
                    <uuids/>
                </item>
                <item>
                    <type>site</type>
                    <uuids/>
                </item>
                <item>
                    <type>adminSetting</type>
                    <uuids/>
                </item>
                <item>
                    <type>thirdPartyCredentials</type>
                    <uuids/>
                </item>
                <item>
                    <type>dataSource</type>
                    <uuids/>
                </item>
                <item>
                    <type>embeddedSailTheme</type>
                    <uuids/>
                </item>
                <item>
                    <type>connectedSystem</type>
                    <uuids/>
                </item>
                <item>
                    <type>pluginInfo</type>
                    <uuids/>
                </item>
                <item>
                    <type>featureFlag</type>
                    <uuids/>
                </item>
                <item>
                    <type>designObjectReferenceImplementation</type>
                    <uuids/>
                </item>
                <item>
                    <type>aiSkill</type>
                    <uuids/>
                </item>
                <item>
                    <type>roboticTaskDesignObject</type>
                    <uuids/>
                </item>
                <item>
                    <type>robotPoolDesignObject</type>
                    <uuids/>
                </item>
                <item>
                    <type>portal</type>
                    <uuids/>
                </item>
                <item>
                    <type>translationSet</type>
                    <uuids/>
                </item>
            </globalIdMap>
        </associatedApplications>
    </application>
    <roleMap>
        <contentRoleMap public="true">
            <role inherit="false" allowForAll="false" name="readers">
                <users/>
                <groups>
                    <groupUuid>4e0652d8-6db1-4689-827a-b10aec759c9b</groupUuid>
                </groups>
            </role>
            <role inherit="false" allowForAll="false" name="authors">
                <users/>
                <groups/>
            </role>
            <role inherit="false" allowForAll="false" name="administrators">
                <users/>
                <groups>
                    <groupUuid>52806e66-6bb5-489b-acde-93f5ec1d8be6</groupUuid>
                </groups>
            </role>
            <role inherit="false" allowForAll="false" name="denyReaders">
                <users/>
                <groups/>
            </role>
            <role inherit="false" allowForAll="false" name="denyAuthors">
                <users/>
                <groups/>
            </role>
            <role inherit="false" allowForAll="false" name="denyAdministrators">
                <users/>
                <groups/>
            </role>
        </contentRoleMap>
    </roleMap>
    <defaultApplicationObjects>
        <object>
            <objectKey>defaultAdminsGroup</objectKey>
            <objectType>group</objectType>
            <objectUuid>52806e66-6bb5-489b-acde-93f5ec1d8be6</objectUuid>
        </object>
        <object>
            <objectKey>defaultUsersGroup</objectKey>
            <objectType>group</objectType>
            <objectUuid>4e0652d8-6db1-4689-827a-b10aec759c9b</objectUuid>
        </object>
    </defaultApplicationObjects>
    <applicationDocumentation/>
    <history>
        <historyInfo versionUuid="04b92d86-4edc-46b7-bbd8-08100d7c4334"/>
        <historyInfo versionUuid="_a-0000eb1a-3b29-8000-9c1f-011c48011c48_3126795"/>
    </history>
    <postDeploymentProcessData/>
</applicationHaul>
