<?xml version="1.0" encoding="UTF-8"?>
<siteHaul xmlns:a="http://www.appian.com/ae/types/2009" xmlns:xsi="http://www.w3.org/2001/XMLSchema-instance">
  <versionUuid>4ea58e96-e06b-43d7-bd9b-1e5b6d01d27b</versionUuid>
  <site a:uuid="76d76134-5378-4273-b2b0-dca22755a003" name="LR Read and Download Logs">
    <description>Front-end site for reading and downloading logs</description>
    <urlStub>read-and-download-logs</urlStub>
    <page a:uuid="8bc1b0b0-5776-40e7-aa81-2d80a4aaca41">
      <staticName>Appian Logs</staticName>
      <description/>
      <urlStub>appian-logs</urlStub>
      <uiObject a:uuid="0002eb2d-6b57-8000-7987-7f0000014e7a" xsi:type="a:ProcessModel"/>
      <iconId>f397</iconId>
      <visibilityExpr>fn!true()</visibilityExpr>
      <pageWidth>WIDE</pageWidth>
    </page>
    <page a:uuid="c18d3274-edd1-47f1-a232-06dcdc9819b1">
      <staticName>Tomcat Log</staticName>
      <description/>
      <urlStub>tomcat-log</urlStub>
      <uiObject a:uuid="_a-0000eb1a-3b29-8000-9c1f-011c48011c48_3126790" xsi:type="a:ContentFreeformRule"/>
      <iconId>f002</iconId>
      <visibilityExpr>fn!true()</visibilityExpr>
      <pageWidth>WIDE</pageWidth>
    </page>
    <page a:uuid="af2d3d4d-f268-40c4-878d-703d01cce82a">
      <staticName>Visibility Settings</staticName>
      <description/>
      <urlStub>visibility-settings</urlStub>
      <uiObject a:uuid="_a-0000eb1a-3b29-8000-9c1f-011c48011c48_3118308" xsi:type="a:ContentFreeformRule"/>
      <iconId>f013</iconId>
      <visibilityExpr>#"urn:appian:function:v1:a:isusermemberofgroup?okey=a!isUserMemberOfGroup"(
  loggedInUser(),
  #"_a-0000eb1a-3b29-8000-9c1f-011c48011c48_3117587"
)</visibilityExpr>
      <pageWidth>WIDE</pageWidth>
    </page>
    <page a:uuid="c4e10890-c278-4f73-869e-aad6365dd4c2">
      <staticName>Help</staticName>
      <description/>
      <urlStub>help</urlStub>
      <uiObject a:uuid="_a-0000eb1a-3b29-8000-9c1f-011c48011c48_3118296" xsi:type="a:ContentFreeformRule"/>
      <iconId>f129</iconId>
      <visibilityExpr>fn!true()</visibilityExpr>
      <pageWidth>WIDE</pageWidth>
    </page>
    <visibility>268435456</visibility>
    <faviconRef a:uuid="SYSTEM_CONTENT_SITES_DEFAULT_FAVICON" xsi:type="a:CollaborationDocument"/>
    <logoRef a:uuid="SYSTEM_CONTENT_SITES_DEFAULT_LOGO" xsi:type="a:CollaborationDocument"/>
    <showName>false</showName>
    <tempoLinkVisibility>HIDDEN</tempoLinkVisibility>
    <showRecordNews>true</showRecordNews>
    <tasksInSitesVisibility>HIDDEN</tasksInSitesVisibility>
    <buttonShape>SQUARED</buttonShape>
    <navigationBarStyle>STYLE1</navigationBarStyle>
    <inputShape>SQUARED</inputShape>
    <isSystem>false</isSystem>
    <displayName>Read and Download Logs</displayName>
    <isStaticDisplayName>true</isStaticDisplayName>
  </site>
  <roleMap>
    <role name="site_administrator">
      <users/>
      <groups>
        <groupUuid>52806e66-6bb5-489b-acde-93f5ec1d8be6</groupUuid>
      </groups>
    </role>
    <role name="site_viewer">
      <users/>
      <groups>
        <groupUuid>4e0652d8-6db1-4689-827a-b10aec759c9b</groupUuid>
      </groups>
    </role>
  </roleMap>
  <history>
    <historyInfo versionUuid="4ea58e96-e06b-43d7-bd9b-1e5b6d01d27b"/>
  </history>
</siteHaul>
